month,sahm,unemployment_rate,unemployment_rise_12m,payroll_3m_average_k,claims_ratio,claims_elevated,claims_severe,labor_state,activity_available_count,activity_contracting_count,cfnai_ma3,activity_state,baa_spread,baa_20d_change,hy_oas,hy_20d_change,nfci,stlfsi,cre_delinquency,credit_primary_elevated,credit_primary_severe,cre_delinquency_elevated_flag,cre_delinquency_severe_flag,cre_corroborates_credit,credit_state,permits_yoy,housing_starts_yoy,curve_spread,forward_state,real_yield_20d_change,breakeven_20d_change,oil_3m_change,shock_state,overall_state
1959-01-31,,6.0,,,,,,UNKNOWN,0,0,,UNKNOWN,,,,,,,,False,False,False,False,False,UNKNOWN,,,,UNKNOWN,,,,UNKNOWN,UNKNOWN
1959-02-28,,5.9,,,,,,UNKNOWN,0,0,,UNKNOWN,,,,,,,,False,False,False,False,False,UNKNOWN,,,,UNKNOWN,,,,UNKNOWN,UNKNOWN
1959-03-31,,5.6,,,,,,UNKNOWN,0,0,,UNKNOWN,,,,,,,,False,False,False,False,False,UNKNOWN,,,,UNKNOWN,,,,UNKNOWN,UNKNOWN
1959-04-30,,5.2,,281.0,,,,UNKNOWN,2,0,,UNKNOWN,,,,,,,,False,False,False,False,False,UNKNOWN,,,,UNKNOWN,,,,UNKNOWN,UNKNOWN
1959-05-31,,5.1,,287.3333333333333,,,,UNKNOWN,2,0,,UNKNOWN,,,,,,,,False,False,False,False,False,UNKNOWN,,,,UNKNOWN,,,,UNKNOWN,UNKNOWN
1959-06-30,,5.0,0.0,222.33333333333334,,,,UNKNOWN,2,0,,UNKNOWN,,,,,,,,False,False,False,False,False,UNKNOWN,,,,UNKNOWN,,,,UNKNOWN,UNKNOWN
1959-07-31,,5.1,0.09999999999999964,161.0,,,,UNKNOWN,2,1,,UNKNOWN,,,,,,,,False,False,False,False,False,UNKNOWN,,,,UNKNOWN,,,,UNKNOWN,UNKNOWN
1959-08-31,,5.2,0.20000000000000018,-71.33333333333333,,,,UNKNOWN,2,2,,UNKNOWN,,,,,,,,False,False,False,False,False,UNKNOWN,,,,UNKNOWN,,,,UNKNOWN,UNKNOWN
1959-09-30,,5.5,0.5,-84.33333333333333,,,,UNKNOWN,2,2,,UNKNOWN,,,,,,,,False,False,False,False,False,UNKNOWN,,,,UNKNOWN,,,,UNKNOWN,UNKNOWN
1959-10-31,,5.7,0.7000000000000002,-148.66666666666666,,,,UNKNOWN,2,2,,UNKNOWN,,,,,,,,False,False,False,False,False,UNKNOWN,,,,UNKNOWN,,,,UNKNOWN,UNKNOWN
1959-11-30,,5.8,0.7999999999999998,99.33333333333333,,,,UNKNOWN,2,1,,UNKNOWN,,,,,,,,False,False,False,False,False,UNKNOWN,,,,UNKNOWN,,,,UNKNOWN,UNKNOWN
1959-12-31,0.77,5.3,0.2999999999999998,248.66666666666666,,,,SEVERE,2,0,,UNKNOWN,,,,,,,,False,False,False,False,False,UNKNOWN,,,,UNKNOWN,,,,UNKNOWN,UNKNOWN
1960-01-31,0.5,5.2,0.20000000000000018,305.3333333333333,,,,SEVERE,2,0,,UNKNOWN,,,,,,,,False,False,False,False,False,UNKNOWN,,-0.11888955944477975,,ELEVATED,,,,UNKNOWN,UNKNOWN
1960-02-29,0.13,4.8,0.0,293.0,,,,NORMAL,2,0,,UNKNOWN,,,,,,,,False,False,False,False,False,UNKNOWN,,-0.09838032393521301,,NORMAL,,,,UNKNOWN,UNKNOWN
1960-03-31,0.1,5.4,0.6000000000000005,93.33333333333333,,,,NORMAL,2,0,,UNKNOWN,,,,,,,,False,False,False,False,False,UNKNOWN,,-0.3154320987654321,,SEVERE,,,,UNKNOWN,UNKNOWN
1960-04-30,0.03,5.2,0.40000000000000036,179.66666666666666,,,,NORMAL,2,1,,UNKNOWN,,,,,,,,False,False,False,False,False,UNKNOWN,,-0.1893081761006289,,ELEVATED,,,,UNKNOWN,UNKNOWN
1960-05-31,0.07,5.1,0.2999999999999998,-12.666666666666666,,,,ELEVATED,2,1,,UNKNOWN,,,,,,,,False,False,False,False,False,UNKNOWN,,-0.15153538050734316,,ELEVATED,,,,UNKNOWN,UNKNOWN
1960-06-30,0.1,5.4,0.6000000000000005,-35.333333333333336,,,,ELEVATED,2,1,,UNKNOWN,,,,,,,,False,False,False,False,False,UNKNOWN,,-0.17032601463739183,,ELEVATED,,,,UNKNOWN,UNKNOWN
1960-07-31,0.23,5.5,0.7000000000000002,-169.0,,,,ELEVATED,2,1,,UNKNOWN,,,,,,,,False,False,False,False,False,UNKNOWN,,-0.2262443438914027,,SEVERE,,,,UNKNOWN,UNKNOWN
1960-08-31,0.53,5.6,0.7999999999999998,-67.66666666666667,,,,SEVERE,2,2,,UNKNOWN,,,,,,,,False,False,False,False,False,UNKNOWN,,-0.06013986013986017,,NORMAL,,,,UNKNOWN,UNKNOWN
1960-09-30,0.6,5.5,0.7000000000000002,-40.333333333333336,,,,SEVERE,2,2,,UNKNOWN,,,,,,,,False,False,False,False,False,UNKNOWN,,-0.2876623376623376,,SEVERE,,,,UNKNOWN,UNKNOWN
1960-10-31,0.93,6.1,1.2999999999999998,-54.666666666666664,,,,SEVERE,2,1,,UNKNOWN,,,,,,,,False,False,False,False,False,UNKNOWN,,-0.0804428044280443,,NORMAL,,,,UNKNOWN,UNKNOWN
1960-11-30,1.07,6.1,1.2999999999999998,-103.66666666666667,,,,SEVERE,2,2,,UNKNOWN,,,,,,,,False,False,False,False,False,UNKNOWN,,-0.12005649717514122,,ELEVATED,,,,UNKNOWN,UNKNOWN
1960-12-31,1.3,6.6,1.7999999999999998,-161.66666666666666,,,,SEVERE,2,2,,UNKNOWN,,,,,,,,False,False,False,False,False,UNKNOWN,,-0.3360399750156152,,SEVERE,,,,UNKNOWN,UNKNOWN
1961-01-31,1.4,6.6,1.7999999999999998,-153.0,,,,SEVERE,2,2,,UNKNOWN,,,,,,,,False,False,False,False,False,UNKNOWN,-0.11263736263736268,-0.1897260273972603,,ELEVATED,,,,UNKNOWN,UNKNOWN
1961-02-28,1.6,6.9,1.8000000000000007,-134.66666666666666,,,,SEVERE,2,1,,UNKNOWN,,,,,,,,False,False,False,False,False,UNKNOWN,-0.11672794117647056,-0.18429807052561542,,ELEVATED,,,,UNKNOWN,UNKNOWN
1961-03-31,1.63,6.9,1.8000000000000007,-27.666666666666668,,,,SEVERE,2,0,,UNKNOWN,,,,,,,,False,False,False,False,False,UNKNOWN,0.04712041884816753,0.18304779080252476,,NORMAL,,,,UNKNOWN,UNKNOWN
1961-04-30,1.7,7.0,1.9000000000000004,-18.666666666666668,,,,SEVERE,2,0,,UNKNOWN,,,,,,,,False,False,False,False,False,UNKNOWN,-0.013779527559055094,-0.09542280837858808,,NORMAL,,,,UNKNOWN,UNKNOWN
1961-05-31,1.67,7.1,1.6999999999999993,76.33333333333333,,,,SEVERE,2,0,,UNKNOWN,,,,,,,,False,False,False,False,False,UNKNOWN,-0.02376425855513309,-0.03383162863886702,,NORMAL,,,,UNKNOWN,UNKNOWN
1961-06-30,1.63,6.9,1.4000000000000004,106.0,,,,SEVERE,2,0,,UNKNOWN,,,,,,,,False,False,False,False,False,UNKNOWN,0.1169102296450939,0.1082598235765837,,NORMAL,,,,UNKNOWN,UNKNOWN
1961-07-31,1.53,7.0,1.5,165.33333333333334,,,,SEVERE,2,0,,UNKNOWN,,,,,,,,False,False,False,False,False,UNKNOWN,0.08408408408408419,0.11528822055137855,,NORMAL,,,,UNKNOWN,UNKNOWN
1961-08-31,1.3,6.6,1.0999999999999996,170.66666666666666,,,,SEVERE,2,0,,UNKNOWN,,,,,,,,False,False,False,False,False,UNKNOWN,0.16599597585513082,-0.023809523809523836,,NORMAL,,,,UNKNOWN,UNKNOWN
1961-09-30,1.2,6.7,0.6000000000000005,137.0,,,,SEVERE,2,0,,UNKNOWN,,,,,,,,False,False,False,False,False,UNKNOWN,0.11585365853658547,0.3026435733819508,,NORMAL,,,,UNKNOWN,UNKNOWN
1961-10-31,0.9,6.5,0.40000000000000036,133.0,,,,SEVERE,2,0,,UNKNOWN,,,,,,,,False,False,False,False,False,UNKNOWN,0.15534979423868323,0.1356340288924558,,NORMAL,,,,UNKNOWN,UNKNOWN
1961-11-30,0.5,6.1,0.0,148.0,,,,SEVERE,2,0,,UNKNOWN,,,,,,,,False,False,False,False,False,UNKNOWN,0.1767109295199183,0.1115569823434992,,NORMAL,,,,UNKNOWN,UNKNOWN
1961-12-31,-0.07,6.0,0.0,161.33333333333334,,,,NORMAL,2,0,,UNKNOWN,,,,,,,,False,False,False,False,False,UNKNOWN,0.2208201892744479,0.28410159924741296,,NORMAL,,,,UNKNOWN,UNKNOWN
1962-01-31,-0.3,5.8,0.0,123.0,,,,NORMAL,2,0,,UNKNOWN,,,,,,,,False,False,False,False,False,UNKNOWN,0.1578947368421053,0.15046491969568887,,NORMAL,,,,UNKNOWN,UNKNOWN
1962-02-28,-0.17,5.5,0.0,148.66666666666666,,,,NORMAL,2,0,,UNKNOWN,,,,,,,,False,False,False,False,False,UNKNOWN,0.2424557752341312,0.04241435562805873,,NORMAL,,,,UNKNOWN,UNKNOWN
1962-03-31,-0.17,5.6,0.09999999999999964,134.33333333333334,,,,NORMAL,2,0,,UNKNOWN,,,,,,,,False,False,False,False,False,UNKNOWN,0.1339999999999999,0.09984756097560976,,NORMAL,,,,UNKNOWN,UNKNOWN
1962-04-30,-0.1,5.6,0.09999999999999964,237.0,,,,NORMAL,2,0,,UNKNOWN,,,,,,,,False,False,False,False,False,UNKNOWN,0.2325349301397206,0.3070325900514579,,NORMAL,,,,UNKNOWN,UNKNOWN
1962-05-31,-0.07,5.5,0.0,146.66666666666666,,,,NORMAL,2,0,,UNKNOWN,,,,,,,,False,False,False,False,False,UNKNOWN,0.1119766309639727,0.2076547231270358,,NORMAL,,,,UNKNOWN,UNKNOWN
1962-06-30,0.0,5.5,0.0,123.0,,,,NORMAL,2,1,,UNKNOWN,,,,,,,,False,False,False,False,False,UNKNOWN,0.07850467289719631,0.01591895803183796,,NORMAL,,,,UNKNOWN,UNKNOWN
1962-07-31,-0.07,5.4,0.0,48.0,,,,ELEVATED,2,0,,UNKNOWN,,,,,,,,False,False,False,False,False,UNKNOWN,0.09787626962142193,0.08614232209737827,,NORMAL,,,,UNKNOWN,UNKNOWN
1962-08-31,0.13,5.7,0.2999999999999998,70.0,,,,NORMAL,2,0,,UNKNOWN,,,,,,,,False,False,False,False,False,UNKNOWN,0.035375323554788674,0.15625,,NORMAL,,,,UNKNOWN,UNKNOWN
1962-09-30,0.23,5.6,0.1999999999999993,111.33333333333333,,,,NORMAL,2,0,,UNKNOWN,,,,,,,,False,False,False,False,False,UNKNOWN,0.11384335154826952,-0.07347795661301615,,NORMAL,,,,UNKNOWN,UNKNOWN
1962-10-31,0.3,5.4,0.0,98.33333333333333,,,,ELEVATED,2,0,,UNKNOWN,,,,,,,,False,False,False,False,False,UNKNOWN,0.05164737310774714,0.08339222614840991,,NORMAL,,,,UNKNOWN,UNKNOWN
1962-11-30,0.3,5.7,0.2999999999999998,72.66666666666667,,,,ELEVATED,2,0,,UNKNOWN,,,,,,,,False,False,False,False,False,UNKNOWN,0.07291666666666674,0.1711191335740072,,NORMAL,,,,UNKNOWN,UNKNOWN
1962-12-31,0.07,5.5,0.09999999999999964,16.666666666666668,,,,ELEVATED,2,0,,UNKNOWN,,,,,,,,False,False,False,False,False,UNKNOWN,0.06459948320413433,0.1457875457875457,,NORMAL,,,,UNKNOWN,UNKNOWN
1963-01-31,0.23,5.7,0.2999999999999998,24.666666666666668,,,,ELEVATED,2,0,,UNKNOWN,,,,,,,,False,False,False,False,False,UNKNOWN,0.11229946524064172,-0.08596620132255695,,NORMAL,,,,UNKNOWN,UNKNOWN
1963-02-28,0.33,5.9,0.5,58.0,,,,ELEVATED,2,0,,UNKNOWN,,,,,,,,False,False,False,False,False,UNKNOWN,0.015075376884422065,0.13928012519561817,,NORMAL,,,,UNKNOWN,UNKNOWN
1963-03-31,0.37,5.7,0.2999999999999998,97.33333333333333,,,,ELEVATED,2,0,,UNKNOWN,,,,,,,,False,False,False,False,False,UNKNOWN,0.10934744268077612,0.06306306306306309,,NORMAL,,,,UNKNOWN,UNKNOWN
1963-04-30,0.33,5.7,0.2999999999999998,155.0,,,,ELEVATED,2,0,,UNKNOWN,,,,,,,,False,False,False,False,False,UNKNOWN,0.042914979757084915,0.1082677165354331,,NORMAL,,,,UNKNOWN,UNKNOWN
1963-05-31,0.27,5.9,0.5,128.66666666666666,,,,NORMAL,2,0,,UNKNOWN,,,,,,,,False,False,False,False,False,UNKNOWN,0.18213660245183894,0.10654079568442354,,NORMAL,,,,UNKNOWN,UNKNOWN
1963-06-30,0.3,5.6,0.1999999999999993,113.0,,,,ELEVATED,2,0,,UNKNOWN,,,,,,,,False,False,False,False,False,UNKNOWN,0.16551126516464465,0.1310541310541311,,NORMAL,,,,UNKNOWN,UNKNOWN
1963-07-31,0.27,5.6,0.1999999999999993,71.33333333333333,,,,NORMAL,2,0,,UNKNOWN,,,,,,,,False,False,False,False,False,UNKNOWN,0.11101766190075701,0.11310344827586216,,NORMAL,,,,UNKNOWN,UNKNOWN
1963-08-31,0.07,5.4,0.0,98.0,,,,NORMAL,2,0,,UNKNOWN,,,,,,,,False,False,False,False,False,UNKNOWN,0.09166666666666656,0.0804218852999341,,NORMAL,,,,UNKNOWN,UNKNOWN
1963-09-30,0.03,5.5,0.09999999999999964,139.66666666666666,,,,NORMAL,2,0,,UNKNOWN,,,,,,,,False,False,False,False,False,UNKNOWN,0.15535568274734257,0.33157099697885206,,NORMAL,,,,UNKNOWN,UNKNOWN
1963-10-31,0.0,5.5,0.09999999999999964,163.0,,,,NORMAL,2,0,,UNKNOWN,,,,,,,,False,False,False,False,False,UNKNOWN,0.197290431837426,0.1604696673189825,,NORMAL,,,,UNKNOWN,UNKNOWN
1963-11-30,0.13,5.7,0.2999999999999998,115.0,,,,NORMAL,2,0,,UNKNOWN,,,,,,,,False,False,False,False,False,UNKNOWN,0.09789644012944976,0.0,,NORMAL,,,,UNKNOWN,UNKNOWN
1963-12-31,0.13,5.5,0.09999999999999964,94.33333333333333,,,,NORMAL,2,0,,UNKNOWN,,,,,,,,False,False,False,False,False,UNKNOWN,0.15129449838187692,-0.046675191815856776,,NORMAL,,,,UNKNOWN,UNKNOWN
1964-01-31,0.13,5.6,0.1999999999999993,68.0,,,,NORMAL,2,0,,UNKNOWN,,,,,,,,False,False,False,False,False,UNKNOWN,0.03846153846153855,0.2885852090032155,,NORMAL,,,,UNKNOWN,UNKNOWN
1964-02-29,-0.03,5.4,0.0,166.0,,,,NORMAL,2,0,,UNKNOWN,,,,,,,,False,False,False,False,False,UNKNOWN,0.1897689768976898,0.25,,NORMAL,,,,UNKNOWN,UNKNOWN
1964-03-31,-0.03,5.4,0.0,178.66666666666666,,,,NORMAL,2,0,,UNKNOWN,,,,,,,,False,False,False,False,False,UNKNOWN,0.043720190779014345,-0.011082138200782299,,NORMAL,,,,UNKNOWN,UNKNOWN
1964-04-30,-0.07,5.3,0.0,145.0,,,,NORMAL,2,0,,UNKNOWN,,,,,,,,False,False,False,False,False,UNKNOWN,-0.018633540372670843,-0.14268798105387803,,ELEVATED,,,,UNKNOWN,UNKNOWN
1964-05-31,-0.1,5.1,0.0,112.0,,,,NORMAL,2,0,,UNKNOWN,,,,,,,,False,False,False,False,False,UNKNOWN,-0.0377777777777778,-0.10603290676416821,,ELEVATED,,,,UNKNOWN,UNKNOWN
1964-06-30,-0.03,5.2,0.10000000000000053,107.33333333333333,,,,NORMAL,2,0,,UNKNOWN,,,,,,,,False,False,False,False,False,UNKNOWN,-0.048327137546468446,-0.023929471032745564,,NORMAL,,,,UNKNOWN,UNKNOWN
1964-07-31,-0.17,4.9,0.0,163.33333333333334,,,,NORMAL,2,0,,UNKNOWN,,,,,,,,False,False,False,False,False,UNKNOWN,-0.012869038607115857,-0.03221809169764556,,NORMAL,,,,UNKNOWN,UNKNOWN
1964-08-31,0.0,5.0,0.09999999999999964,176.66666666666666,,,,NORMAL,2,0,,UNKNOWN,,,,,,,,False,False,False,False,False,UNKNOWN,-0.003053435114503844,-0.04270896888346554,,NORMAL,,,,UNKNOWN,UNKNOWN
1964-09-30,-0.03,5.1,0.1999999999999993,228.0,,,,NORMAL,2,0,,UNKNOWN,,,,,,,,False,False,False,False,False,UNKNOWN,-0.1047416843595188,-0.17470221213840043,,ELEVATED,,,,UNKNOWN,UNKNOWN
1964-10-31,0.1,5.1,0.1999999999999993,127.0,,,,NORMAL,2,1,,UNKNOWN,,,,,,,,False,False,False,False,False,UNKNOWN,-0.13012729844413018,-0.14333895446880274,,ELEVATED,,,,UNKNOWN,UNKNOWN
1964-11-30,0.07,4.8,0.0,199.66666666666666,,,,NORMAL,2,0,,UNKNOWN,,,,,,,,False,False,False,False,False,UNKNOWN,-0.07590272660280029,-0.0838471023427867,,NORMAL,,,,UNKNOWN,UNKNOWN
1964-12-31,-0.03,5.0,0.20000000000000018,172.66666666666666,,,,NORMAL,2,0,,UNKNOWN,,,,,,,,False,False,False,False,False,UNKNOWN,-0.18200983836964157,-0.0046948356807511304,,ELEVATED,,,,UNKNOWN,UNKNOWN
1965-01-31,-0.13,4.9,0.10000000000000053,263.0,,,,NORMAL,2,0,,UNKNOWN,,,,,,,,False,False,False,False,False,UNKNOWN,-0.024691358024691357,-0.1509669369931379,,ELEVATED,,,,UNKNOWN,UNKNOWN
1965-02-28,0.03,5.1,0.2999999999999998,194.0,,,,NORMAL,2,0,,UNKNOWN,,,,,,,,False,False,False,False,False,UNKNOWN,-0.17822468793342583,-0.21263736263736266,,SEVERE,,,,UNKNOWN,UNKNOWN
1965-03-31,-0.07,4.7,0.0,194.0,,,,NORMAL,2,0,,UNKNOWN,,,,,,,,False,False,False,False,False,UNKNOWN,-0.07768469154607771,-0.06196440342781806,,NORMAL,,,,UNKNOWN,UNKNOWN
1965-04-30,0.03,4.8,0.09999999999999964,225.66666666666666,,,,NORMAL,2,0,,UNKNOWN,,,,,,,,False,False,False,False,False,UNKNOWN,-0.08069620253164556,-0.006906077348066253,,NORMAL,,,,UNKNOWN,UNKNOWN
1965-05-31,-0.1,4.6,0.0,230.33333333333334,,,,NORMAL,2,0,,UNKNOWN,,,,,,,,False,False,False,False,False,UNKNOWN,-0.07082371054657433,0.00749829584185413,,NORMAL,,,,UNKNOWN,UNKNOWN
1965-06-30,0.0,4.6,0.0,229.0,,,,NORMAL,2,0,,UNKNOWN,,,,,,,,False,False,False,False,False,UNKNOWN,-0.030468750000000044,-0.040000000000000036,,NORMAL,,,,UNKNOWN,UNKNOWN
1965-07-31,-0.13,4.4,0.0,235.33333333333334,,,,NORMAL,2,0,,UNKNOWN,,,,,,,,False,False,False,False,False,UNKNOWN,-0.05138036809815949,-0.021126760563380254,,NORMAL,,,,UNKNOWN,UNKNOWN
1965-08-31,-0.03,4.4,0.0,245.66666666666666,,,,NORMAL,2,0,,UNKNOWN,,,,,,,,False,False,False,False,False,UNKNOWN,-0.043644716692189944,-0.08731676226896112,,NORMAL,,,,UNKNOWN,UNKNOWN
1965-09-30,-0.1,4.3,0.0,266.6666666666667,,,,NORMAL,2,0,,UNKNOWN,,,,,,,,False,False,False,False,False,UNKNOWN,-0.030039525691699653,0.01855670103092777,,NORMAL,,,,UNKNOWN,UNKNOWN
1965-10-31,-0.07,4.2,0.0,251.33333333333334,,,,NORMAL,2,0,,UNKNOWN,,,,,,,,False,False,False,False,False,UNKNOWN,0.0398373983739837,-0.047244094488189003,,NORMAL,,,,UNKNOWN,UNKNOWN
1965-11-30,-0.1,4.1,0.0,256.0,,,,NORMAL,2,0,,UNKNOWN,,,,,,,,False,False,False,False,False,UNKNOWN,0.04146730462519943,-0.01749663526244949,,NORMAL,,,,UNKNOWN,UNKNOWN
1965-12-31,-0.1,4.0,0.0,277.3333333333333,,,,NORMAL,2,0,,UNKNOWN,,,,,,,,False,False,False,False,False,UNKNOWN,0.1297250859106529,0.11590296495956864,,NORMAL,,,,UNKNOWN,UNKNOWN
1966-01-31,-0.1,4.0,0.0,270.0,,,,NORMAL,2,0,,UNKNOWN,,,,,,,,False,False,False,False,False,UNKNOWN,0.048259493670886,0.006612784717119791,,NORMAL,,,,UNKNOWN,UNKNOWN
1966-02-28,-0.17,3.8,0.0,266.6666666666667,,,,NORMAL,2,0,,UNKNOWN,,,,,,,,False,False,False,False,False,UNKNOWN,-0.021940928270042237,-0.038381018841591064,,NORMAL,,,,UNKNOWN,UNKNOWN
1966-03-31,-0.1,3.8,0.0,290.0,,,,NORMAL,2,0,,UNKNOWN,,,,,,,,False,False,False,False,False,UNKNOWN,0.018992568125516085,-0.02037947997189038,,NORMAL,,,,UNKNOWN,UNKNOWN
1966-04-30,-0.1,3.8,0.0,302.6666666666667,,,,NORMAL,2,0,,UNKNOWN,,,,,,,,False,False,False,False,False,UNKNOWN,-0.014629948364888179,-0.0598052851182197,,NORMAL,,,,UNKNOWN,UNKNOWN
1966-05-31,0.1,3.9,0.10000000000000009,305.3333333333333,,,,NORMAL,2,0,,UNKNOWN,,,,,,,,False,False,False,False,False,UNKNOWN,-0.10687655343827673,-0.14411366711772666,,ELEVATED,,,,UNKNOWN,UNKNOWN
1966-06-30,0.17,3.8,0.0,306.3333333333333,,,,NORMAL,2,0,,UNKNOWN,,,,,,,,False,False,False,False,False,UNKNOWN,-0.22965350523771155,-0.19758064516129037,,SEVERE,,,,UNKNOWN,UNKNOWN
1966-07-31,0.23,3.8,0.0,288.0,,,,NORMAL,2,0,,UNKNOWN,,,,,,,,False,False,False,False,False,UNKNOWN,-0.24656426839126921,-0.28973185088292996,,SEVERE,,,,UNKNOWN,UNKNOWN
1966-08-31,0.2,3.8,0.0,265.0,,,,NORMAL,2,0,,UNKNOWN,,,,,,,,False,False,False,False,False,UNKNOWN,-0.29783827061649315,-0.21857541899441346,,SEVERE,,,,UNKNOWN,UNKNOWN
1966-09-30,0.13,3.7,0.0,177.33333333333334,,,,NORMAL,2,0,,UNKNOWN,,,,,,,,False,False,False,False,False,UNKNOWN,-0.3691931540342298,-0.2941970310391363,,SEVERE,,,,UNKNOWN,UNKNOWN
1966-10-31,0.13,3.7,0.0,184.33333333333334,,,,NORMAL,2,0,,UNKNOWN,,,,,,,,False,False,False,False,False,UNKNOWN,-0.4222048475371384,-0.4194214876033058,,SEVERE,,,,UNKNOWN,UNKNOWN
1966-11-30,0.07,3.6,0.0,170.66666666666666,,,,NORMAL,2,0,,UNKNOWN,,,,,,,,False,False,False,False,False,UNKNOWN,-0.4364471669218989,-0.34178082191780823,,SEVERE,,,,UNKNOWN,UNKNOWN
1966-12-31,0.0,3.8,0.19999999999999973,185.33333333333334,,,,NORMAL,2,0,,UNKNOWN,,,,,,,,False,False,False,False,False,UNKNOWN,-0.4349809885931559,-0.40217391304347827,,SEVERE,,,,UNKNOWN,UNKNOWN
1967-01-31,-0.03,3.9,0.2999999999999998,184.33333333333334,,False,False,NORMAL,2,0,,UNKNOWN,,,,,,,,False,False,False,False,False,UNKNOWN,-0.24905660377358485,-0.2211678832116788,,SEVERE,,,,UNKNOWN,UNKNOWN
1967-02-28,0.07,3.8,0.19999999999999973,136.66666666666666,,False,False,NORMAL,2,1,,UNKNOWN,,,,,,,,False,False,False,False,False,UNKNOWN,-0.2174288179465056,-0.18505079825834547,,SEVERE,,,,UNKNOWN,UNKNOWN
1967-03-31,0.03,3.8,0.19999999999999973,110.33333333333333,,False,False,NORMAL,2,1,,UNKNOWN,,,,,,,,False,False,False,False,False,UNKNOWN,-0.2260940032414911,-0.24246771879483497,,SEVERE,,,,UNKNOWN,UNKNOWN
1967-04-30,0.03,3.8,0.19999999999999973,19.666666666666668,,False,False,ELEVATED,3,1,,NORMAL,,,,,,,,False,False,False,False,False,UNKNOWN,-0.09606986899563319,-0.19304733727810652,,ELEVATED,,,,UNKNOWN,YELLOW
1967-05-31,0.07,3.8,0.19999999999999973,63.666666666666664,,False,False,NORMAL,3,1,-0.3,NORMAL,,,,,,,,False,False,False,False,False,UNKNOWN,-0.0018552875695733162,0.030830039525691744,,NORMAL,,,,UNKNOWN,GREEN
1967-06-30,0.2,3.9,0.2999999999999998,73.33333333333333,,False,False,NORMAL,3,0,-0.17,NORMAL,,,,,,,,False,False,False,False,False,UNKNOWN,0.2228033472803348,0.045226130653266416,,NORMAL,,,,UNKNOWN,GREEN
1967-07-31,0.27,3.8,0.19999999999999973,140.66666666666666,,False,False,NORMAL,3,1,-0.28,NORMAL,,,,,,,,False,False,False,False,False,UNKNOWN,0.26287553648068673,0.2559852670349907,,NORMAL,,,,UNKNOWN,GREEN
1967-08-31,0.27,3.8,0.19999999999999973,174.33333333333334,,False,False,NORMAL,3,0,0.25,NORMAL,,,,,,,,False,False,False,False,False,UNKNOWN,0.40136830102622567,0.25737265415549593,,NORMAL,,,,UNKNOWN,GREEN
1967-09-30,0.3,3.8,0.19999999999999973,138.0,,False,False,ELEVATED,3,0,0.22,NORMAL,,,,,,,,False,False,False,False,False,UNKNOWN,0.6524547803617571,0.3585086042065009,,NORMAL,,,,UNKNOWN,GREEN
1967-10-31,0.43,4.0,0.3999999999999999,112.33333333333333,0.037081339712918604,False,False,ELEVATED,3,0,0.34,NORMAL,,,,,,,,False,False,False,False,False,UNKNOWN,0.7320703653585927,0.7686832740213523,,NORMAL,,,,UNKNOWN,GREEN
1967-11-30,0.47,3.9,0.10000000000000009,186.66666666666666,0.0,False,False,ELEVATED,3,0,0.45,NORMAL,,,,,,,,False,False,False,False,False,UNKNOWN,0.7622282608695652,0.6004162330905307,,NORMAL,,,,UNKNOWN,GREEN
1967-12-31,0.27,3.8,0.0,245.33333333333334,0.07634543178973718,False,False,NORMAL,3,0,0.8,NORMAL,,,,,,,,False,False,False,False,False,UNKNOWN,0.7698519515477793,0.3212121212121213,,NORMAL,,,,UNKNOWN,GREEN
1968-01-31,0.0,3.7,0.0,193.0,0.08010012515644549,False,False,NORMAL,3,0,0.64,NORMAL,,,,,,,,False,False,False,False,False,UNKNOWN,0.1849246231155779,0.29334582942830356,,NORMAL,,,,UNKNOWN,GREEN
1968-02-29,-0.03,3.8,0.09999999999999964,170.66666666666666,0.05506883604505641,False,False,NORMAL,3,0,0.33,NORMAL,,,,,,,,False,False,False,False,False,UNKNOWN,0.4796030871003307,0.3535173642030276,,NORMAL,,,,UNKNOWN,GREEN
1968-03-31,-0.03,3.7,0.0,131.66666666666666,0.01158301158301156,False,False,NORMAL,3,1,0.12,NORMAL,,,,,,,,False,False,False,False,False,UNKNOWN,0.4345549738219896,0.3882575757575757,,NORMAL,,,,UNKNOWN,GREEN
1968-04-30,0.0,3.5,0.0,250.66666666666666,0.0800542740841248,False,False,NORMAL,3,0,0.32,NORMAL,,,,,,,,False,False,False,False,False,UNKNOWN,0.24251207729468605,0.4243813015582034,,NORMAL,,,,UNKNOWN,GREEN
1968-05-31,-0.07,3.5,0.0,145.66666666666666,0.0800542740841248,False,False,NORMAL,3,0,0.4,NORMAL,,,,,,,,False,False,False,False,False,UNKNOWN,0.20539033457249078,0.07975460122699385,,NORMAL,,,,UNKNOWN,GREEN
1968-06-30,0.07,3.7,0.20000000000000018,203.33333333333334,0.04341926729986434,False,False,NORMAL,3,0,0.36,NORMAL,,,,,,,,False,False,False,False,False,UNKNOWN,0.11206159110350722,0.12580128205128216,,NORMAL,,,,UNKNOWN,GREEN
1968-07-31,0.13,3.7,0.20000000000000018,190.0,0.0651289009497964,False,False,NORMAL,3,0,0.39,NORMAL,,,,,,,,False,False,False,False,False,UNKNOWN,0.1418861512319456,0.10850439882697938,,NORMAL,,,,UNKNOWN,GREEN
1968-08-31,0.13,3.5,0.0,226.0,0.07327001356852114,False,False,NORMAL,3,1,0.18,NORMAL,,,,,,,,False,False,False,False,False,UNKNOWN,0.10414971521562255,0.06254442075337607,,NORMAL,,,,UNKNOWN,GREEN
1968-09-30,0.07,3.4,0.0,193.0,0.03663500678426046,False,False,NORMAL,3,0,0.25,NORMAL,,,,,,,,False,False,False,False,False,UNKNOWN,0.14464425332290842,0.09500351864883894,,NORMAL,,,,UNKNOWN,GREEN
1968-10-31,0.03,3.4,0.0,198.33333333333334,0.009497964721845387,False,False,NORMAL,3,0,0.36,NORMAL,,,,,,,,False,False,False,False,False,UNKNOWN,0.11015624999999996,0.05231388329979869,,NORMAL,,,,UNKNOWN,GREEN
1968-11-30,-0.03,3.4,0.0,218.0,0.0,False,False,NORMAL,3,0,0.62,NORMAL,,,,,,,,False,False,False,False,False,UNKNOWN,0.10717039321511179,0.05981794538361518,,NORMAL,,,,UNKNOWN,GREEN
1968-12-31,-0.1,3.4,0.0,254.66666666666666,0.0842391304347827,False,False,NORMAL,3,0,0.46,NORMAL,,,,,,,,False,False,False,False,False,UNKNOWN,0.056273764258555126,0.1834862385321101,,NORMAL,,,,UNKNOWN,GREEN
1969-01-31,-0.1,3.4,0.0,239.33333333333334,0.040760869565217295,False,False,NORMAL,3,1,0.39,NORMAL,,,,,,,,False,False,False,False,False,UNKNOWN,0.2374893977947412,0.28188405797101446,,NORMAL,,,,UNKNOWN,GREEN
1969-02-28,-0.03,3.4,0.0,238.33333333333334,0.0652173913043479,False,False,NORMAL,3,1,0.29,NORMAL,,,,,,,,False,False,False,False,False,UNKNOWN,0.11400894187779431,0.12171052631578938,,NORMAL,,,,UNKNOWN,GREEN
1969-03-31,0.03,3.4,0.0,219.0,0.010869565217391353,False,False,NORMAL,3,0,0.45,NORMAL,,,,,,,,False,False,False,False,False,UNKNOWN,0.04963503649635026,0.06480218281036842,,NORMAL,,,,UNKNOWN,GREEN
1969-04-30,0.1,3.4,0.0,211.0,0.0013605442176871652,False,False,NORMAL,3,0,0.36,NORMAL,,,,,,,,False,False,False,False,False,UNKNOWN,0.12052877138413676,-0.019305019305019266,,NORMAL,,,,UNKNOWN,GREEN
1969-05-31,0.17,3.4,0.0,209.66666666666666,0.018156424581005526,False,False,NORMAL,3,0,0.18,NORMAL,,,,,,,,False,False,False,False,False,UNKNOWN,0.02390131071703938,0.12428977272727271,,NORMAL,,,,UNKNOWN,GREEN
1969-06-30,0.17,3.5,0.10000000000000009,243.66666666666666,0.07262569832402233,False,False,NORMAL,3,0,0.14,NORMAL,,,,,,,,False,False,False,False,False,UNKNOWN,0.03769230769230769,0.08754448398576509,,NORMAL,,,,UNKNOWN,GREEN
1969-07-31,0.2,3.5,0.10000000000000009,219.0,0.16620111731843568,False,False,NORMAL,3,1,0.18,NORMAL,,,,,,,,False,False,False,False,False,UNKNOWN,-0.049107142857142905,-0.09523809523809523,,NORMAL,,,,UNKNOWN,GREEN
1969-08-31,0.2,3.5,0.10000000000000009,226.66666666666666,0.1117318435754191,False,False,NORMAL,3,0,0.34,NORMAL,,,,,,,,False,False,False,False,False,UNKNOWN,-0.029476787030213725,-0.09163879598662206,,NORMAL,,,,UNKNOWN,GREEN
1969-09-30,0.4,3.7,0.30000000000000027,92.66666666666667,0.08798882681564235,False,False,ELEVATED,3,0,0.18,NORMAL,,,,,,,,False,False,False,False,False,UNKNOWN,-0.13729508196721307,-0.03149100257069404,,ELEVATED,,,,UNKNOWN,YELLOW
1969-10-31,0.5,3.7,0.30000000000000027,130.66666666666666,0.11312849162011163,False,False,SEVERE,3,0,0.19,NORMAL,,,,,,,,False,False,False,False,False,UNKNOWN,-0.14426460239268124,-0.11982154238368392,,ELEVATED,,,,UNKNOWN,YELLOW
1969-11-30,0.47,3.5,0.10000000000000009,26.0,0.1550279329608939,False,False,ELEVATED,3,1,-0.23,NORMAL,,,,,,,,False,False,False,False,False,UNKNOWN,-0.17061281337047352,-0.24601226993865033,,SEVERE,,,,UNKNOWN,YELLOW
1969-12-31,0.27,3.5,0.10000000000000009,109.0,0.22765363128491622,False,False,NORMAL,3,2,-0.28,ELEVATED,,,,,,,,False,False,False,False,False,UNKNOWN,-0.16846652267818574,-0.1427648578811369,,ELEVATED,,,,UNKNOWN,YELLOW
1970-01-31,0.3,3.9,0.5,18.333333333333332,0.40363128491620115,True,True,ELEVATED,3,2,-0.8,SEVERE,,,,,,,,False,False,False,False,False,UNKNOWN,-0.2721041809458533,-0.3866591294516676,,SEVERE,,,,UNKNOWN,ORANGE
1970-02-28,0.53,4.2,0.8000000000000003,73.0,0.44413407821229045,True,True,SEVERE,3,2,-0.58,ELEVATED,,,,,,,,False,False,False,False,False,UNKNOWN,-0.25217391304347825,-0.23460410557184752,,SEVERE,,,,UNKNOWN,ORANGE
1970-03-31,0.8,4.4,1.0000000000000004,70.0,0.49860335195530725,True,True,SEVERE,3,2,-0.7,SEVERE,,,,,,,,False,False,False,False,False,UNKNOWN,-0.2127955493741307,-0.1550288276745676,,SEVERE,,,,UNKNOWN,RED
1970-04-30,1.07,4.6,1.1999999999999997,57.333333333333336,0.8170391061452513,True,True,SEVERE,3,3,-0.48,SEVERE,,,,,,,,False,False,False,False,False,UNKNOWN,-0.15058986814712005,-0.17060367454068237,,ELEVATED,,,,UNKNOWN,RED
1970-05-31,1.27,4.8,1.2999999999999998,-60.333333333333336,0.6504065040650406,True,True,SEVERE,3,3,-0.53,SEVERE,,,,,,,,False,False,False,False,False,UNKNOWN,0.0,-0.18509159823120658,,ELEVATED,,,,UNKNOWN,RED
1970-06-30,1.37,4.9,1.4000000000000004,-140.66666666666666,0.5303225806451612,True,True,SEVERE,3,2,-0.43,ELEVATED,,,,,,,,False,False,False,False,False,UNKNOWN,-0.020014825796886626,-0.09358638743455494,,NORMAL,,,,UNKNOWN,ORANGE
1970-07-31,1.43,5.0,1.5,-98.33333333333333,0.4787096774193549,True,True,SEVERE,3,1,-0.2,NORMAL,,,,,,,,False,False,False,False,False,UNKNOWN,0.03599374021909241,0.10891812865497075,,NORMAL,,,,UNKNOWN,GREEN
1970-08-31,1.47,5.1,1.5999999999999996,-62.333333333333336,0.504516129032258,True,True,SEVERE,3,1,-0.28,NORMAL,,,,,,,,False,False,False,False,False,UNKNOWN,0.05846621108580097,0.030191458026509466,,NORMAL,,,,UNKNOWN,GREEN
1970-09-30,1.6,5.4,1.9000000000000004,-28.333333333333332,0.6312419974391805,True,True,SEVERE,3,2,-0.4,ELEVATED,,,,,,,,False,False,False,False,False,UNKNOWN,0.12905779889152802,0.01791639017916391,,NORMAL,,,,UNKNOWN,ORANGE
1970-10-31,1.8,5.5,2.0,-177.33333333333334,0.6251541307028361,True,True,SEVERE,3,3,-1.01,SEVERE,,,,,,,,False,False,False,False,False,UNKNOWN,0.2861842105263157,0.14409847936278064,,NORMAL,,,,UNKNOWN,RED
1970-11-30,2.03,5.9,2.4000000000000004,-176.0,0.5904645476772616,True,True,SEVERE,3,3,-1.16,SEVERE,,,,,,,,False,False,False,False,False,UNKNOWN,0.26112510495382035,0.3401139137510172,,NORMAL,,,,UNKNOWN,RED
1970-12-31,2.27,6.1,2.1999999999999997,-50.666666666666664,0.34950385887541335,True,False,SEVERE,3,2,-0.39,ELEVATED,,,,,,,,False,False,False,False,False,UNKNOWN,0.5298701298701298,0.4265259984928409,,NORMAL,,,,UNKNOWN,ORANGE
1971-01-31,2.37,5.9,1.7000000000000002,114.66666666666667,0.1722440944881889,True,False,SEVERE,3,0,0.4,NORMAL,,,,,0.713,,,True,True,False,False,False,UNKNOWN,0.5470809792843692,0.6847926267281106,,NORMAL,,,,UNKNOWN,GREEN
1971-02-28,2.1,5.9,1.5,132.66666666666666,0.09335899903753608,False,False,SEVERE,3,0,0.74,NORMAL,,,,,0.882,,,True,True,False,False,False,UNKNOWN,0.4203935599284436,0.3340996168582375,,NORMAL,,,,UNKNOWN,GREEN
1971-03-31,1.77,6.0,1.4000000000000004,22.666666666666668,0.08394833948339486,False,False,SEVERE,3,0,0.17,NORMAL,,,,,1.08,,,True,True,False,False,False,UNKNOWN,0.5538869257950529,0.4480667172100077,,NORMAL,,,,UNKNOWN,GREEN
1971-04-30,1.53,5.9,1.1000000000000005,57.0,0.03790613718411562,False,False,SEVERE,3,0,0.14,NORMAL,,,,,1.424,,,True,True,False,False,False,UNKNOWN,0.42565359477124187,0.5712025316455696,,NORMAL,,,,UNKNOWN,GREEN
1971-05-31,1.43,5.9,1.0,146.66666666666666,0.056859205776173205,False,False,SEVERE,3,0,0.29,NORMAL,,,,,1.402,,,True,True,False,False,False,UNKNOWN,0.4849397590361446,0.5883720930232559,,NORMAL,,,,UNKNOWN,GREEN
1971-06-30,1.17,5.9,0.9000000000000004,131.33333333333334,0.07039711191335729,False,False,SEVERE,3,0,0.44,NORMAL,,,,,1.034,,,True,True,False,False,False,UNKNOWN,0.43948562783661127,0.4628158844765342,,NORMAL,,,,UNKNOWN,GREEN
1971-07-31,0.97,6.0,0.9000000000000004,93.0,0.07310469314079415,False,False,SEVERE,3,0,0.24,NORMAL,,,,,1.259,,,True,True,False,False,False,UNKNOWN,0.5626888217522659,0.37310481212920243,,NORMAL,,,,UNKNOWN,GREEN
1971-08-31,0.87,6.1,0.6999999999999993,42.0,0.1503094606542883,False,False,SEVERE,3,1,0.07,NORMAL,,,,,2.035,,,True,True,False,False,False,UNKNOWN,0.4375896700143471,0.5425303788420299,,NORMAL,,,,UNKNOWN,GREEN
1971-09-30,0.8,6.0,0.5,120.0,0.13262599469496017,False,False,SEVERE,3,0,0.28,NORMAL,,,,,2.197,,,True,True,False,False,False,UNKNOWN,0.399719495091164,0.3305084745762712,,NORMAL,,,,UNKNOWN,GREEN
1971-10-31,0.63,5.8,0.0,109.0,0.05128205128205132,False,False,SEVERE,3,0,0.47,NORMAL,,,,,1.58,,,True,True,False,False,False,UNKNOWN,0.2953964194373402,0.34683544303797476,,NORMAL,,,,UNKNOWN,GREEN
1971-11-30,0.33,6.0,0.20000000000000018,158.0,0.015030946065428763,False,False,ELEVATED,3,0,0.71,NORMAL,,,,,1.366,,,True,True,False,False,False,UNKNOWN,0.38415446071904125,0.32483302975106243,,NORMAL,,,,UNKNOWN,GREEN
1971-12-31,0.13,6.0,0.20000000000000018,165.0,0.0,False,False,NORMAL,3,0,0.65,NORMAL,,,,,1.317,,,True,True,False,False,False,UNKNOWN,0.20713073005093374,0.21236133122028522,,NORMAL,,,,UNKNOWN,GREEN
1972-01-31,0.03,5.8,0.0,266.3333333333333,0.008426966292134797,False,False,NORMAL,3,0,0.99,NORMAL,,,,,0.989,,,True,True,False,False,False,UNKNOWN,0.3621424223980523,0.3643326039387309,,NORMAL,,,,UNKNOWN,GREEN
1972-02-29,-0.07,5.7,0.0,267.0,0.0,False,False,NORMAL,3,0,0.9,NORMAL,,,,,0.609,,,True,True,False,False,False,UNKNOWN,0.3658690176322419,0.37277426766226296,,NORMAL,,,,UNKNOWN,GREEN
1972-03-31,-0.03,5.8,0.09999999999999964,278.3333333333333,0.01742497579864466,False,False,NORMAL,3,0,0.97,NORMAL,,,,,0.34,,,True,False,False,False,False,UNKNOWN,0.19670267197271185,0.22198952879581157,,NORMAL,,,,UNKNOWN,GREEN
1972-04-30,0.0,5.7,0.0,240.33333333333334,0.023233301064859546,False,False,NORMAL,3,0,0.74,NORMAL,,,,,0.153,,,True,False,False,False,False,UNKNOWN,0.22578796561604575,0.1324269889224572,,NORMAL,,,,UNKNOWN,GREEN
1972-05-31,0.07,5.7,0.0,273.6666666666667,0.03678606001936102,False,False,NORMAL,3,0,0.78,NORMAL,,,,,0.034,,,True,False,False,False,False,UNKNOWN,0.04817444219066935,0.08394338701805748,,NORMAL,,,,UNKNOWN,GREEN
1972-06-30,-0.07,5.7,0.0,271.3333333333333,0.05808325266214909,False,False,NORMAL,3,0,0.6,NORMAL,,,,,0.216,,,True,False,False,False,False,UNKNOWN,0.1471361008933263,0.11253701875616984,,NORMAL,,,,UNKNOWN,GREEN
1972-07-31,-0.13,5.6,0.0,182.33333333333334,0.10164569215876096,False,False,NORMAL,3,0,0.33,NORMAL,,,,,0.337,,,True,False,False,False,False,UNKNOWN,0.060898985016916374,0.0811329812770043,,NORMAL,,,,UNKNOWN,GREEN
1972-08-31,-0.1,5.6,0.0,224.0,0.01501501501501501,False,False,NORMAL,3,0,0.67,NORMAL,,,,,0.159,,,True,False,False,False,False,UNKNOWN,0.1292415169660679,0.10379981464318822,,NORMAL,,,,UNKNOWN,GREEN
1972-09-30,0.0,5.5,0.0,168.66666666666666,0.024024024024023927,False,False,NORMAL,3,0,0.8,NORMAL,,,,,-0.111,,,False,False,False,False,False,UNKNOWN,0.19889779559118237,0.21558059774620286,,NORMAL,,,,UNKNOWN,GREEN
1972-10-31,0.0,5.6,0.09999999999999964,321.6666666666667,0.005005005005005003,False,False,NORMAL,3,0,1.28,NORMAL,,,,,-0.177,,,False,False,False,False,False,UNKNOWN,0.16189536031589347,0.16776315789473695,,NORMAL,,,,UNKNOWN,GREEN
1972-11-30,-0.13,5.3,0.0,277.3333333333333,0.015182186234817818,False,False,NORMAL,3,0,1.21,NORMAL,,,,,-0.251,,,False,False,False,False,False,UNKNOWN,0.07455507455507449,0.10953253895508697,,NORMAL,,,,UNKNOWN,GREEN
1972-12-31,-0.13,5.2,0.0,334.6666666666667,0.012320328542094527,False,False,NORMAL,3,0,1.31,NORMAL,,,,,-0.208,,,False,False,False,False,False,UNKNOWN,0.13408345053914683,0.030936819172113328,,NORMAL,,,,UNKNOWN,GREEN
1973-01-31,-0.17,4.9,0.0,314.3333333333333,0.0,False,False,NORMAL,3,0,1.22,NORMAL,,,,,0.249,,,True,False,False,False,False,UNKNOWN,0.014745308310991856,-0.005212510024057759,,NORMAL,,,,UNKNOWN,GREEN
1973-02-28,-0.03,5.0,0.09999999999999964,347.0,0.004524886877828038,False,False,NORMAL,3,0,1.2,NORMAL,,,,,0.915,,,True,True,False,False,False,UNKNOWN,0.026279391424619547,-0.04225941422594137,,NORMAL,,,,UNKNOWN,GREEN
1973-03-31,-0.03,4.9,0.0,338.6666666666667,0.030542986425339258,False,False,NORMAL,3,1,0.95,NORMAL,,,,,1.28,,,True,True,False,False,False,UNKNOWN,-0.02042755344418057,0.013281919451585189,,NORMAL,,,,UNKNOWN,GREEN
1973-04-30,0.0,5.0,0.09999999999999964,279.3333333333333,0.08144796380090491,False,False,NORMAL,3,1,0.61,NORMAL,,,,,1.208,,,True,True,False,False,False,UNKNOWN,-0.1079943899018233,-0.07336594041796352,,ELEVATED,,,,UNKNOWN,GREEN
1973-05-31,-0.03,4.9,0.0,211.33333333333334,0.08710407239818996,False,False,NORMAL,3,1,0.35,NORMAL,,,,,1.127,,,True,True,False,False,False,UNKNOWN,-0.06579583938074507,0.020261143628995892,,NORMAL,,,,UNKNOWN,GREEN
1973-06-30,-0.07,4.9,0.0,201.0,0.08823529411764697,False,False,NORMAL,3,1,0.27,NORMAL,,,,,1.289,,,True,True,False,False,False,UNKNOWN,-0.06046724690792482,-0.08296362023070103,,NORMAL,,,,UNKNOWN,GREEN
1973-07-31,-0.1,4.8,0.0,152.66666666666666,0.09841628959276028,False,False,NORMAL,3,0,0.42,NORMAL,,,,,1.733,,,True,True,False,False,False,UNKNOWN,-0.1712984054669704,-0.05728241563055059,,ELEVATED,,,,UNKNOWN,GREEN
1973-08-31,-0.07,4.8,0.0,173.33333333333334,0.1685520361990951,False,False,NORMAL,3,1,0.13,NORMAL,,,,,2.311,,,True,True,False,False,False,UNKNOWN,-0.20061864781263805,-0.1389588581024349,,SEVERE,,,,UNKNOWN,GREEN
1973-09-30,0.0,4.8,0.0,129.66666666666666,0.12217194570135748,False,False,NORMAL,3,1,0.27,NORMAL,,,,,2.417,,,True,True,False,False,False,UNKNOWN,-0.28792310906811536,-0.24465941152760984,,SEVERE,,,,UNKNOWN,GREEN
1973-10-31,-0.07,4.6,0.0,231.33333333333334,0.092760180995475,False,False,NORMAL,3,0,0.46,NORMAL,,,,,2.237,,,True,True,False,False,False,UNKNOWN,-0.4005947323704333,-0.3251509054325956,,SEVERE,,,,UNKNOWN,GREEN
1973-11-30,-0.03,4.8,0.20000000000000018,250.66666666666666,0.1481900452488687,False,False,NORMAL,3,0,0.86,NORMAL,,,,,2.095,,,True,True,False,False,False,UNKNOWN,-0.3724261414503134,-0.28789756299049984,,SEVERE,,,,UNKNOWN,GREEN
1973-12-31,0.03,4.9,0.3000000000000007,251.66666666666666,0.3167420814479638,False,False,NORMAL,3,0,0.5,NORMAL,,,,,1.767,,,True,True,False,False,False,UNKNOWN,-0.4675485737908227,-0.3550295857988166,,SEVERE,,,,UNKNOWN,GREEN
1974-01-31,0.23,5.1,0.5,164.33333333333334,0.38122171945701355,True,True,ELEVATED,3,2,0.06,ELEVATED,,,,,1.032,,,True,True,False,False,False,UNKNOWN,-0.41391457507705853,-0.41515517936316004,,SEVERE,,,,UNKNOWN,ORANGE
1974-02-28,0.4,5.2,0.6000000000000005,111.33333333333333,0.43954802259887016,True,True,ELEVATED,3,3,-0.29,SEVERE,,,,,0.48,,,True,False,False,False,False,UNKNOWN,-0.3890386343216532,-0.23460026212319796,,SEVERE,,,,UNKNOWN,ORANGE
1974-03-31,0.5,5.1,0.5,88.33333333333333,0.3530678148546824,True,True,SEVERE,3,3,-0.14,SEVERE,,,,,0.818,,,True,True,False,False,False,UNKNOWN,-0.3016488845780795,-0.34249471458773784,,SEVERE,,,,UNKNOWN,RED
1974-04-30,0.43,5.1,0.5,94.0,0.24021164021164032,True,True,ELEVATED,3,3,-0.18,SEVERE,,,,,1.903,,,True,True,False,False,False,UNKNOWN,-0.3427672955974843,-0.2288867562380038,,SEVERE,,,,UNKNOWN,ORANGE
1974-05-31,0.43,5.1,0.5,98.33333333333333,0.2592592592592593,True,False,ELEVATED,3,1,0.07,NORMAL,,,,,3.698,,,True,True,False,False,False,UNKNOWN,-0.4106680476437079,-0.37069726390114743,,SEVERE,,,,UNKNOWN,YELLOW
1974-06-30,0.47,5.4,0.8000000000000007,102.66666666666667,0.3048016701461378,True,True,ELEVATED,3,2,-0.06,ELEVATED,,,,,4.874,,,True,True,False,False,False,UNKNOWN,-0.47050219405168214,-0.26802128688921145,,SEVERE,,,,UNKNOWN,ORANGE
1974-07-31,0.57,5.5,0.9000000000000004,84.66666666666667,0.2815734989648033,True,True,SEVERE,3,1,-0.02,NORMAL,,,,,5.213,,,True,True,False,False,False,UNKNOWN,-0.4491478834524464,-0.38012246820536977,,SEVERE,,,,UNKNOWN,YELLOW
1974-08-31,0.63,5.5,0.9000000000000004,23.333333333333332,0.42028985507246386,True,True,SEVERE,3,3,-0.43,SEVERE,,,,,4.651,,,True,True,False,False,False,UNKNOWN,-0.4930901050304035,-0.44319843978547047,,SEVERE,,,,UNKNOWN,RED
1974-09-30,0.83,5.9,1.3000000000000007,2.0,0.4937888198757765,True,True,SEVERE,3,3,-0.62,SEVERE,,,,,4.009,,,True,True,False,False,False,UNKNOWN,-0.5070422535211268,-0.38633938100320175,,SEVERE,,,,UNKNOWN,RED
1974-10-31,1.07,6.0,1.2000000000000002,-2.0,0.6260245901639345,True,True,SEVERE,3,3,-0.9,SEVERE,,,,,3.3,,,True,True,False,False,False,UNKNOWN,-0.41601700921332385,-0.36195587358378056,,SEVERE,,,,UNKNOWN,RED
1974-11-30,1.43,6.6,1.6999999999999993,-118.0,0.8652130822596631,True,True,SEVERE,3,3,-1.48,SEVERE,,,,,2.744,,,True,True,False,False,False,UNKNOWN,-0.4415121255349501,-0.40487238979118334,,SEVERE,,,,UNKNOWN,RED
1974-12-31,1.83,7.2,2.1000000000000005,-319.3333333333333,0.8037865748709123,True,True,SEVERE,3,3,-2.32,SEVERE,,,,,2.455,,,True,True,False,False,False,UNKNOWN,-0.3253105590062112,-0.3610747051114024,,SEVERE,,,,UNKNOWN,RED
1975-01-31,2.37,8.1,3.0,-445.6666666666667,0.8416523235800344,True,True,SEVERE,3,3,-2.56,SEVERE,,,,,1.744,,,True,True,False,False,False,UNKNOWN,-0.4545454545454546,-0.2887663680220538,,SEVERE,,,,UNKNOWN,RED
1975-02-28,2.77,8.1,3.0,-449.0,0.8743545611015491,True,True,SEVERE,3,3,-2.44,SEVERE,,,,,1.14,,,True,True,False,False,False,UNKNOWN,-0.46397058823529413,-0.4840182648401826,,SEVERE,,,,UNKNOWN,RED
1975-03-31,3.27,8.6,3.5,-334.6666666666667,0.8820998278829604,True,True,SEVERE,3,3,-2.0,SEVERE,,,,,0.688,,,True,True,False,False,False,UNKNOWN,-0.5076388888888889,-0.36141479099678453,,SEVERE,,,,UNKNOWN,RED
1975-04-30,3.5,8.8,3.700000000000001,-277.6666666666667,0.8080895008605853,True,True,SEVERE,3,3,-1.47,SEVERE,,,,,0.302,,,True,False,False,False,False,UNKNOWN,-0.3094098883572568,-0.3746110765401369,,SEVERE,,,,UNKNOWN,RED
1975-05-31,3.83,9.0,3.5999999999999996,-98.0,0.6588824020016681,True,True,SEVERE,3,2,-0.84,SEVERE,,,,,-0.072,,,False,False,False,False,False,UNKNOWN,-0.19683655536028122,-0.2138849929873773,,SEVERE,,,,UNKNOWN,RED
1975-06-30,3.77,8.8,3.3000000000000007,-42.333333333333336,0.6009693053311793,True,False,SEVERE,3,0,-0.11,NORMAL,,,,,-0.169,,,False,False,False,False,False,UNKNOWN,-0.1289134438305709,-0.28155981493721083,,SEVERE,,,,UNKNOWN,YELLOW
1975-07-31,3.5,8.6,3.0999999999999996,103.33333333333333,0.40095087163232956,True,False,SEVERE,3,0,0.19,NORMAL,,,,,-0.153,,,False,False,False,False,False,UNKNOWN,0.017964071856287456,-0.06838905775075987,,NORMAL,,,,UNKNOWN,GREEN
1975-08-31,3.17,8.4,2.5,176.33333333333334,0.31345454545454543,True,False,SEVERE,3,0,0.5,NORMAL,,,,,-0.067,,,False,False,False,False,False,UNKNOWN,0.08396946564885499,0.10332749562171628,,NORMAL,,,,UNKNOWN,GREEN
1975-09-30,2.87,8.4,2.4000000000000004,235.66666666666666,0.2165300546448088,True,False,SEVERE,3,0,0.66,NORMAL,,,,,0.063,,,True,False,False,False,False,UNKNOWN,0.2666666666666666,0.09913043478260875,,NORMAL,,,,UNKNOWN,GREEN
1975-10-31,2.7,8.4,1.8000000000000007,256.6666666666667,0.03884093711467318,False,False,SEVERE,3,0,0.55,NORMAL,,,,,0.157,,,True,False,False,False,False,UNKNOWN,0.33009708737864085,0.25607476635514015,,NORMAL,,,,UNKNOWN,GREEN
1975-11-30,2.27,8.3,1.1000000000000005,177.33333333333334,0.0,False,False,SEVERE,3,0,0.35,NORMAL,,,,,0.067,,,True,False,False,False,False,UNKNOWN,0.4176245210727969,0.32553606237816757,,NORMAL,,,,UNKNOWN,GREEN
1975-12-31,1.8,8.2,0.09999999999999964,263.0,0.0026791694574681557,False,False,SEVERE,3,0,0.44,NORMAL,,,,,-0.183,,,False,False,False,False,False,UNKNOWN,0.2554660529344073,0.35487179487179477,,NORMAL,,,,UNKNOWN,GREEN
1976-01-31,0.93,7.9,0.0,321.0,0.0053835800807537915,False,False,SEVERE,3,0,0.81,NORMAL,,,,,-0.53,,,False,False,False,False,False,UNKNOWN,0.6460055096418733,0.3246124031007751,,NORMAL,,,,UNKNOWN,GREEN
1976-02-29,0.2,7.7,0.0,377.0,0.0,False,False,NORMAL,3,0,1.04,NORMAL,,,,,-0.692,,,False,False,False,False,False,UNKNOWN,0.6323731138545954,0.7013274336283186,,NORMAL,,,,UNKNOWN,GREEN
1976-03-31,-0.27,7.6,0.0,343.6666666666667,0.03890489913544659,False,False,NORMAL,3,0,0.88,NORMAL,,,,,-0.741,,,False,False,False,False,False,UNKNOWN,0.6417489421720732,0.43101711983887214,,NORMAL,,,,UNKNOWN,GREEN
1976-04-30,-0.1,7.7,0.10000000000000053,263.0,0.06700288184438041,False,False,NORMAL,3,0,0.53,NORMAL,,,,,-0.625,,,False,False,False,False,False,UNKNOWN,0.3071593533487298,0.3880597014925373,,NORMAL,,,,UNKNOWN,GREEN
1976-05-31,-0.1,7.4,0.0,165.33333333333334,0.13328530259366,False,False,NORMAL,3,0,0.32,NORMAL,,,,,-0.482,,,False,False,False,False,False,UNKNOWN,0.30634573304157553,0.30151650312221223,,NORMAL,,,,UNKNOWN,GREEN
1976-06-30,0.0,7.6,0.1999999999999993,109.33333333333333,0.13472622478386165,False,False,NORMAL,3,0,0.25,NORMAL,,,,,-0.476,,,False,False,False,False,False,UNKNOWN,0.2558139534883721,0.375344986200552,,NORMAL,,,,UNKNOWN,GREEN
1976-07-31,0.1,7.8,0.39999999999999947,85.0,0.12391930835734866,False,False,NORMAL,3,0,0.24,NORMAL,,,,,-0.621,,,False,False,False,False,False,UNKNOWN,0.22058823529411775,0.1427406199021206,,NORMAL,,,,UNKNOWN,GREEN
1976-08-31,0.3,7.8,0.39999999999999947,130.66666666666666,0.1195965417867435,False,False,ELEVATED,3,0,0.27,NORMAL,,,,,-0.706,,,False,False,False,False,False,UNKNOWN,0.31690140845070425,0.23015873015873023,,NORMAL,,,,UNKNOWN,GREEN
1976-09-30,0.4,7.6,0.1999999999999993,172.0,0.17435158501440928,True,False,ELEVATED,3,0,0.32,NORMAL,,,,,-0.722,,,False,False,False,False,False,UNKNOWN,0.3919172932330828,0.360759493670886,,NORMAL,,,,UNKNOWN,GREEN
1976-10-31,0.43,7.7,0.2999999999999998,121.33333333333333,0.17939481268011526,True,False,ELEVATED,3,1,0.1,NORMAL,,,,,-0.687,,,False,False,False,False,False,UNKNOWN,0.3001824817518248,0.2120535714285714,,NORMAL,,,,UNKNOWN,GREEN
1976-11-30,0.5,7.8,0.39999999999999947,178.66666666666666,0.12247838616714701,False,False,SEVERE,3,0,0.34,NORMAL,,,,,-0.665,,,False,False,False,False,False,UNKNOWN,0.3792792792792792,0.20661764705882346,,NORMAL,,,,UNKNOWN,GREEN
1976-12-31,0.47,7.8,0.39999999999999947,185.33333333333334,0.07708933717579258,False,False,ELEVATED,3,0,0.6,NORMAL,,,,,-0.76,,,False,False,False,False,False,UNKNOWN,0.38496791934005503,0.3656320968962907,,NORMAL,,,,UNKNOWN,GREEN
1977-01-31,0.27,7.5,0.09999999999999964,259.6666666666667,0.17363112391930846,False,False,NORMAL,3,0,0.64,NORMAL,,,,,-0.9,,,False,False,False,False,False,UNKNOWN,0.2267782426778242,0.11704462326261877,,NORMAL,,,,UNKNOWN,GREEN
1977-02-28,0.1,7.6,0.1999999999999993,249.33333333333334,0.29899135446685876,True,True,ELEVATED,3,0,0.69,NORMAL,,,,,-0.944,,,False,False,False,False,False,UNKNOWN,0.31092436974789917,0.2633289986996099,,NORMAL,,,,UNKNOWN,GREEN
1977-03-31,-0.07,7.4,0.0,314.3333333333333,0.0,False,False,NORMAL,3,0,0.69,NORMAL,,,,,-0.852,,,False,False,False,False,False,UNKNOWN,0.42611683848797255,0.4517945109078114,,NORMAL,,,,UNKNOWN,GREEN
1977-04-30,-0.1,7.2,0.0,346.0,0.03986013986013992,False,False,NORMAL,3,0,0.97,NORMAL,,,,,-0.65,,,False,False,False,False,False,UNKNOWN,0.4664310954063604,0.35627240143369177,,NORMAL,,,,UNKNOWN,GREEN
1977-05-31,-0.2,7.0,0.0,366.6666666666667,0.06363636363636371,False,False,NORMAL,3,0,0.81,NORMAL,,,,,-0.521,,,False,False,False,False,False,UNKNOWN,0.39698492462311563,0.3509252912954077,,NORMAL,,,,UNKNOWN,GREEN
1977-06-30,-0.07,7.2,0.20000000000000018,365.6666666666667,0.010489510489510412,False,False,NORMAL,3,0,0.69,NORMAL,,,,,-0.487,,,False,False,False,False,False,UNKNOWN,0.4747474747474747,0.2662207357859532,,NORMAL,,,,UNKNOWN,GREEN
1977-07-31,-0.03,6.9,0.0,368.6666666666667,0.018881118881118875,False,False,NORMAL,3,0,0.59,NORMAL,,,,,-0.51,,,False,False,False,False,False,UNKNOWN,0.35502008032128507,0.4689507494646681,,NORMAL,,,,UNKNOWN,GREEN
1977-08-31,0.07,7.0,0.09999999999999964,329.0,0.027272727272727337,False,False,NORMAL,3,0,0.46,NORMAL,,,,,-0.483,,,False,False,False,False,False,UNKNOWN,0.35981665393430107,0.3032258064516129,,NORMAL,,,,UNKNOWN,GREEN
1977-09-30,0.0,6.8,0.0,348.0,0.03146853146853146,False,False,NORMAL,3,0,0.36,NORMAL,,,,,-0.374,,,False,False,False,False,False,UNKNOWN,0.13031735313977033,0.133139534883721,,NORMAL,,,,UNKNOWN,GREEN
1977-10-31,0.03,6.8,0.0,322.0,0.011888111888111785,False,False,NORMAL,3,0,0.39,NORMAL,,,,,-0.267,,,False,False,False,False,False,UNKNOWN,0.23368421052631572,0.25352977286678935,,NORMAL,,,,UNKNOWN,GREEN
1977-11-30,-0.03,6.8,0.0,366.0,0.0035486160397444344,False,False,NORMAL,3,0,0.47,NORMAL,,,,,-0.213,,,False,False,False,False,False,UNKNOWN,0.15676028739386028,0.2443631931748933,,NORMAL,,,,UNKNOWN,GREEN
1977-12-31,-0.13,6.4,0.0,292.6666666666667,0.015613910574875822,False,False,NORMAL,3,0,0.59,NORMAL,,,,,-0.258,,,False,False,False,False,False,UNKNOWN,0.16082064857710132,0.18736141906873605,,NORMAL,,,,UNKNOWN,GREEN
1978-01-31,-0.17,6.4,0.0,264.6666666666667,0.005010737294201872,False,False,NORMAL,3,2,0.03,ELEVATED,,,,,-0.296,,,False,False,False,False,False,UNKNOWN,0.18690313778990442,0.12508185985592668,,NORMAL,,,,UNKNOWN,GREEN
1978-02-28,-0.2,6.3,0.0,258.3333333333333,0.09735146743020762,False,False,NORMAL,3,1,0.2,NORMAL,,,,,-0.217,,,False,False,False,False,False,UNKNOWN,0.11282051282051286,-0.105506948018528,,ELEVATED,,,,UNKNOWN,GREEN
1978-03-31,-0.07,6.3,0.0,350.0,0.0,False,False,NORMAL,3,0,0.38,NORMAL,,,,,0.044,,,True,False,False,False,False,UNKNOWN,0.08373493975903612,-0.015026660203587006,,NORMAL,,,,UNKNOWN,GREEN
1978-04-30,-0.1,6.1,0.0,522.6666666666666,0.0,False,False,NORMAL,3,0,1.39,NORMAL,,,,,0.296,,,True,False,False,False,False,UNKNOWN,0.17349397590361448,0.16120507399577177,,NORMAL,,,,UNKNOWN,GREEN
1978-05-31,0.0,6.0,0.0,520.3333333333334,0.01710730948678063,False,False,NORMAL,3,0,1.17,NORMAL,,,,,0.527,,,True,True,False,False,False,UNKNOWN,0.058752997601918544,0.05276509386098427,,NORMAL,,,,UNKNOWN,GREEN
1978-06-30,-0.17,5.9,0.0,496.6666666666667,0.010124610591900396,False,False,NORMAL,3,0,1.0,NORMAL,,,,,0.654,,,True,True,False,False,False,UNKNOWN,0.13184931506849318,0.09350237717908083,,NORMAL,,,,UNKNOWN,GREEN
1978-07-31,0.07,6.2,0.2999999999999998,347.3333333333333,0.09267912772585674,False,False,NORMAL,3,1,0.36,NORMAL,,,,,0.57,,,True,True,False,False,False,UNKNOWN,0.058684054534676955,0.01652089407191437,,NORMAL,,,,UNKNOWN,GREEN
1978-08-31,0.0,5.9,0.0,324.6666666666667,0.08644859813084116,False,False,NORMAL,3,0,0.48,NORMAL,,,,,0.482,,,True,False,False,False,False,UNKNOWN,-0.050000000000000044,-0.011881188118811892,,NORMAL,,,,UNKNOWN,GREEN
1978-09-30,0.1,6.0,0.09999999999999964,223.66666666666666,0.012461059190031154,False,False,NORMAL,3,0,0.3,NORMAL,,,,,0.892,,,True,True,False,False,False,UNKNOWN,0.04599761051373963,0.010774756285274467,,NORMAL,,,,UNKNOWN,GREEN
1978-10-31,-0.03,5.8,0.0,250.66666666666666,0.02258566978193155,False,False,NORMAL,3,0,0.58,NORMAL,,,,,1.604,,,True,True,False,False,False,UNKNOWN,0.013083048919226403,-0.029872673849167475,,NORMAL,,,,UNKNOWN,GREEN
1978-11-30,-0.03,5.9,0.10000000000000053,302.6666666666667,0.03686274509803922,False,False,NORMAL,3,0,0.59,NORMAL,,,,,2.031,,,True,True,False,False,False,UNKNOWN,0.013551665725578754,0.025465230166503483,,NORMAL,,,,UNKNOWN,GREEN
1978-12-31,0.0,6.0,0.20000000000000018,350.0,0.09882352941176475,False,False,NORMAL,3,0,0.67,NORMAL,,,,,1.73,,,True,True,False,False,False,UNKNOWN,0.036488027366020415,-0.04575163398692805,,NORMAL,,,,UNKNOWN,GREEN
1979-01-31,0.0,5.9,0.10000000000000053,284.0,0.1215686274509804,False,False,NORMAL,3,1,0.29,NORMAL,,,,,1.136,,,True,True,False,False,False,UNKNOWN,-0.16034482758620694,-0.051222351571594826,,ELEVATED,,,,UNKNOWN,GREEN
1979-02-28,-0.03,5.9,0.10000000000000053,221.33333333333334,0.12470588235294122,False,False,NORMAL,3,1,0.1,NORMAL,,,,,0.608,,,True,True,False,False,False,UNKNOWN,-0.14055299539170507,-0.12543153049482159,,ELEVATED,,,,UNKNOWN,GREEN
1979-03-31,-0.07,5.8,0.0,269.3333333333333,0.12549019607843137,False,False,NORMAL,3,0,0.26,NORMAL,,,,,0.265,,,True,False,False,False,False,UNKNOWN,-0.0439132851584213,-0.09104330708661412,,NORMAL,,,,UNKNOWN,GREEN
1979-04-30,0.0,5.8,0.0,203.0,0.3035294117647058,True,True,ELEVATED,3,3,-0.08,SEVERE,,,,,0.263,,,True,False,False,False,False,UNKNOWN,-0.18018480492813138,-0.20436959490213924,,SEVERE,,,,UNKNOWN,ORANGE
1979-05-31,0.03,5.6,0.0,244.66666666666666,0.09176470588235297,False,False,NORMAL,3,1,0.26,NORMAL,,,,,0.451,,,True,False,False,False,False,UNKNOWN,-0.04643261608154026,-0.09590361445783135,,NORMAL,,,,UNKNOWN,GREEN
1979-06-30,0.0,5.7,0.10000000000000053,209.66666666666666,0.14823529411764702,False,False,NORMAL,3,3,-0.1,SEVERE,,,,,0.839,,,True,True,False,False,False,UNKNOWN,-0.17297024710035303,-0.0758454106280193,,ELEVATED,,,,UNKNOWN,YELLOW
1979-07-31,-0.03,5.7,0.10000000000000053,266.6666666666667,0.18980392156862735,True,False,ELEVATED,3,1,0.33,NORMAL,,,,,1.173,,,True,True,False,False,False,UNKNOWN,-0.14109742441209405,-0.15869980879541112,,ELEVATED,,,,UNKNOWN,YELLOW
1979-08-31,0.07,6.0,0.40000000000000036,170.33333333333334,0.23529411764705888,True,True,ELEVATED,3,2,-0.21,ELEVATED,,,,,1.706,,,True,True,False,False,False,UNKNOWN,-0.05913660555884093,-0.10921843687374755,,ELEVATED,,,,UNKNOWN,ORANGE
1979-09-30,0.13,5.9,0.3000000000000007,73.0,0.2078431372549019,True,False,ELEVATED,3,2,-0.22,ELEVATED,,,,,2.197,,,True,True,False,False,False,UNKNOWN,-0.06453455168475153,-0.07005076142131983,,NORMAL,,,,UNKNOWN,ORANGE
1979-10-31,0.23,6.0,0.40000000000000036,88.0,0.2619607843137255,True,True,ELEVATED,3,1,-0.17,NORMAL,,,,,2.507,,,True,True,False,False,False,UNKNOWN,-0.16844469399213924,-0.15143866733972744,,ELEVATED,,,,UNKNOWN,YELLOW
1979-11-30,0.17,5.9,0.3000000000000007,91.0,0.20218181818181824,True,True,ELEVATED,3,1,-0.12,NORMAL,,,,,2.305,,,True,True,False,False,False,UNKNOWN,-0.28913649025069643,-0.2722063037249284,,SEVERE,,,,UNKNOWN,YELLOW
1979-12-31,0.13,6.0,0.40000000000000036,115.0,0.25454545454545463,True,True,ELEVATED,3,1,-0.16,NORMAL,,,,,1.89,,,True,True,False,False,False,UNKNOWN,-0.3102310231023102,-0.26712328767123283,,SEVERE,,,,UNKNOWN,YELLOW
1980-01-31,0.23,6.3,0.7000000000000002,106.33333333333333,0.205090909090909,True,True,ELEVATED,3,0,-0.12,NORMAL,,,,,1.79,,,True,True,False,False,False,UNKNOWN,-0.12388774811772763,-0.1773006134969325,,ELEVATED,,,,UNKNOWN,YELLOW
1980-02-29,0.3,6.3,0.7000000000000002,103.33333333333333,0.21599999999999997,True,True,ELEVATED,3,2,-0.19,ELEVATED,,,,,2.696,,,True,True,False,False,False,UNKNOWN,-0.1963806970509383,-0.11184210526315785,,ELEVATED,,,,UNKNOWN,ORANGE
1980-03-31,0.4,6.3,0.7000000000000002,107.33333333333333,0.28,True,True,ELEVATED,3,2,-0.53,ELEVATED,,,,,3.754,,,True,True,False,False,False,UNKNOWN,-0.4255813953488372,-0.43313481321061176,,SEVERE,,,,UNKNOWN,ORANGE
1980-04-30,0.67,6.9,1.3000000000000007,16.333333333333332,0.5410909090909091,True,True,SEVERE,3,3,-1.32,SEVERE,,,,,3.942,,,True,True,False,False,False,UNKNOWN,-0.4940513462742643,-0.398741418764302,,SEVERE,,,,UNKNOWN,RED
1980-05-31,1.27,7.5,1.7999999999999998,-154.33333333333334,0.7958452722063036,True,True,SEVERE,3,3,-1.94,SEVERE,,,,,2.717,,,True,True,False,False,False,UNKNOWN,-0.48871733966745845,-0.505863539445629,,SEVERE,,,,UNKNOWN,RED
1980-06-30,1.77,7.6,1.8999999999999995,-297.6666666666667,0.6550783912747102,True,True,SEVERE,3,3,-1.97,SEVERE,,,,,1.514,,,True,True,False,False,False,UNKNOWN,-0.3182926829268292,-0.37480397281756406,,SEVERE,,,,UNKNOWN,RED
1980-07-31,2.03,7.8,1.8999999999999995,-336.3333333333333,0.4535412605588045,True,True,SEVERE,3,3,-1.43,SEVERE,,,,,0.832,,,True,True,False,False,False,UNKNOWN,-0.17926988265971322,-0.2789772727272727,,SEVERE,,,,UNKNOWN,RED
1980-08-31,1.93,7.7,1.7999999999999998,-107.0,0.3463287849252761,True,False,SEVERE,3,1,-0.52,ELEVATED,,,,,0.882,,,True,True,False,False,False,UNKNOWN,-0.14079195474544315,-0.1923509561304837,,ELEVATED,,,,UNKNOWN,ORANGE
1980-09-30,1.83,7.5,1.5999999999999996,37.333333333333336,0.22681067344345607,True,False,SEVERE,3,0,0.23,NORMAL,,,,,1.225,,,True,True,False,False,False,UNKNOWN,-0.09401709401709402,-0.1970524017467249,,ELEVATED,,,,UNKNOWN,YELLOW
1980-10-31,1.73,7.5,1.5999999999999996,216.66666666666666,0.10050251256281406,False,False,SEVERE,3,0,0.82,NORMAL,,,,,1.995,,,True,True,False,False,False,UNKNOWN,-0.07765023632680623,-0.09399167162403332,,NORMAL,,,,UNKNOWN,GREEN
1980-11-30,1.7,7.5,1.5,216.0,0.0,False,False,SEVERE,3,0,0.92,NORMAL,,,,,2.884,,,True,True,False,False,False,UNKNOWN,0.08385579937304066,-0.009186351706036766,,NORMAL,,,,UNKNOWN,GREEN
1980-12-31,1.57,7.2,0.9000000000000004,243.33333333333334,0.0006101281269066394,False,False,SEVERE,3,0,0.71,NORMAL,,,,,3.328,,,True,True,False,False,False,UNKNOWN,-0.003987240829346095,-0.010680907877169576,,NORMAL,,,,UNKNOWN,GREEN
1981-01-31,1.4,7.5,1.2000000000000002,181.0,0.012851897184822603,False,False,SEVERE,3,0,0.24,NORMAL,,,,,2.706,,,True,True,False,False,False,UNKNOWN,-0.046093750000000044,0.15361670395227445,,NORMAL,,,,UNKNOWN,GREEN
1981-02-28,1.23,7.4,1.1000000000000005,119.33333333333333,0.049571603427172484,False,False,SEVERE,3,2,-0.12,ELEVATED,,,,,1.973,,,True,True,False,False,False,UNKNOWN,0.0,-0.07703703703703701,,NORMAL,,,,UNKNOWN,ORANGE
1981-03-31,1.1,7.4,0.5,89.0,0.0,False,False,SEVERE,3,3,-0.27,SEVERE,,,,,1.671,,,True,True,False,False,False,UNKNOWN,0.19736842105263164,0.24737344794651395,,NORMAL,,,,UNKNOWN,RED
1981-04-30,0.83,7.2,0.0,83.33333333333333,0.014842300556586308,False,False,SEVERE,3,3,-0.19,SEVERE,,,,,1.932,,,True,True,False,False,False,UNKNOWN,0.47277227722772275,0.2940057088487156,,NORMAL,,,,UNKNOWN,RED
1981-05-31,0.47,7.5,0.2999999999999998,63.666666666666664,0.03215831787260348,False,False,ELEVATED,3,1,-0.06,NORMAL,,,,,2.71,,,True,True,False,False,False,UNKNOWN,0.362369337979094,0.22977346278317157,,NORMAL,,,,UNKNOWN,GREEN
1981-06-30,0.1,7.5,0.2999999999999998,93.33333333333333,0.07111935683364257,False,False,NORMAL,3,1,-0.12,NORMAL,,,,,3.321,,,True,True,False,False,False,UNKNOWN,-0.12701252236135963,-0.12625418060200666,,ELEVATED,,,,UNKNOWN,GREEN
1981-07-31,0.0,7.2,0.0,106.0,0.06555349412492273,False,False,NORMAL,3,1,-0.09,NORMAL,,,,,3.527,,,True,True,False,False,False,UNKNOWN,-0.25734710087370927,-0.17966903073286056,,SEVERE,,,,UNKNOWN,GREEN
1981-08-31,-0.13,7.4,0.20000000000000018,89.66666666666667,0.09771181199752621,False,False,NORMAL,3,1,-0.23,NORMAL,,,,,3.274,,,True,True,False,False,False,UNKNOWN,-0.34967081199707384,-0.34540389972144847,,SEVERE,,,,UNKNOWN,GREEN
1981-09-30,0.07,7.6,0.39999999999999947,-4.333333333333333,0.1706864564007422,False,False,ELEVATED,3,1,-0.46,ELEVATED,,,,,2.994,,,True,True,False,False,False,UNKNOWN,-0.4292452830188679,-0.380693405846363,,SEVERE,,,,UNKNOWN,ORANGE
1981-10-31,0.4,7.9,0.7000000000000002,-73.66666666666667,0.22139764996907862,True,True,SEVERE,3,2,-0.91,SEVERE,,,,,2.715,,,True,True,False,False,False,UNKNOWN,-0.46486090775988287,-0.42678923177938277,,SEVERE,,,,UNKNOWN,RED
1981-11-30,0.8,8.3,1.1000000000000005,-131.33333333333334,0.2659245516388373,True,True,SEVERE,3,3,-1.21,SEVERE,,,,,2.394,,,True,True,False,False,False,UNKNOWN,-0.4591467823571945,-0.4456953642384106,,SEVERE,,,,UNKNOWN,RED
1981-12-31,1.07,8.5,1.2999999999999998,-194.0,0.3630179344465059,True,True,SEVERE,3,3,-1.41,SEVERE,,,,,2.08,,,True,True,False,False,False,UNKNOWN,-0.3626901521216973,-0.38596491228070173,,SEVERE,,,,UNKNOWN,RED
1982-01-31,1.23,8.6,1.3999999999999995,-271.6666666666667,0.34879406307977745,True,True,SEVERE,3,3,-1.59,SEVERE,,,,,1.912,,,True,True,False,False,False,UNKNOWN,-0.34971334971334966,-0.45507433742727865,1.06,SEVERE,,,,UNKNOWN,RED
1982-02-28,1.4,8.9,1.7000000000000002,-202.66666666666666,0.3203463203463204,True,True,SEVERE,3,2,-0.83,SEVERE,,,,,2.012,,,True,True,False,False,False,UNKNOWN,-0.3261050875729775,-0.304975922953451,1.03,SEVERE,,,,UNKNOWN,RED
1982-03-31,1.47,9.0,1.7999999999999998,-153.66666666666666,0.37662337662337664,True,True,SEVERE,3,1,-0.63,ELEVATED,,,,,2.114,,,True,True,False,False,False,UNKNOWN,-0.2468300929839391,-0.28713629402756513,0.19,SEVERE,,,,UNKNOWN,ORANGE
1982-04-30,1.77,9.3,2.1000000000000005,-138.33333333333334,0.43433109346365306,True,True,SEVERE,3,0,-0.38,ELEVATED,,,,,2.27,,,True,True,False,False,False,UNKNOWN,-0.253781512605042,-0.325735294117647,0.72,SEVERE,,,,UNKNOWN,ORANGE
1982-05-31,2.0,9.4,2.2,-152.0,0.39964157706093184,True,True,SEVERE,3,1,-0.89,SEVERE,,,,,2.602,,,True,True,False,False,False,UNKNOWN,-0.18755328218243816,-0.10087719298245612,1.74,ELEVATED,,,,UNKNOWN,RED
1982-06-30,2.17,9.6,2.3999999999999995,-189.66666666666666,0.3917585606500291,True,True,SEVERE,3,2,-0.96,SEVERE,,,,,2.927,,,True,True,False,False,False,UNKNOWN,-0.06454918032786883,-0.13684210526315788,1.08,ELEVATED,,,,UNKNOWN,RED
1982-07-31,2.3,9.8,2.4000000000000004,-209.66666666666666,0.2947189097103917,True,False,SEVERE,3,3,-0.86,SEVERE,,,,,3.06,,,True,True,False,False,False,UNKNOWN,0.11657754010695198,0.12007684918347739,3.11,NORMAL,,,,UNKNOWN,RED
1982-08-31,2.4,9.8,2.200000000000001,-248.0,0.39888888888888885,True,True,SEVERE,3,3,-1.01,SEVERE,,,,,3.359,,,True,True,False,False,False,UNKNOWN,0.04161979752530942,0.1127659574468085,4.09,NORMAL,,,,UNKNOWN,RED
1982-09-30,2.53,10.1,2.1999999999999993,-227.33333333333334,0.3844944997380828,True,True,SEVERE,3,3,-0.82,SEVERE,,,,,3.393,,,True,True,False,False,False,UNKNOWN,0.23022432113341207,0.2557628979143798,3.85,NORMAL,,,,UNKNOWN,RED
1982-10-31,2.47,10.4,2.0999999999999996,-204.66666666666666,0.28478478478478486,True,True,SEVERE,3,3,-0.98,SEVERE,,,,,2.166,,,True,True,False,False,False,UNKNOWN,0.5718194254445965,0.3436426116838487,2.54,NORMAL,,,,UNKNOWN,RED
1982-11-30,2.47,10.8,2.3000000000000007,-192.33333333333334,0.14004796163069555,False,False,SEVERE,3,3,-0.8,SEVERE,,,,,1.139,,,True,True,False,False,False,UNKNOWN,0.643048128342246,0.6391875746714457,2.23,NORMAL,,,,UNKNOWN,RED
1982-12-31,2.37,10.8,2.200000000000001,-137.33333333333334,0.004796163069544335,False,False,SEVERE,3,2,-0.78,SEVERE,,,,,0.538,,,True,True,False,False,False,UNKNOWN,0.6972361809045227,0.4318681318681319,2.16,NORMAL,,,,UNKNOWN,RED
1983-01-31,2.13,10.4,1.5,27.666666666666668,0.0,False,False,SEVERE,3,0,0.02,NORMAL,,,,,0.244,,,True,False,False,False,False,UNKNOWN,0.7959697732997482,0.8813760379596678,2.44,NORMAL,,,,UNKNOWN,GREEN
1983-02-28,1.87,10.4,1.4000000000000004,43.666666666666664,0.0,False,False,SEVERE,3,0,0.05,NORMAL,,,,,0.069,,,True,False,False,False,False,UNKNOWN,0.8205445544554455,0.9618937644341801,2.06,NORMAL,,,,UNKNOWN,GREEN
1983-03-31,1.57,10.3,1.0,106.33333333333333,0.0,False,False,SEVERE,3,0,0.46,NORMAL,,,,,0.014,,,True,False,False,False,False,UNKNOWN,0.6554433221099887,0.7250268528464017,1.66,NORMAL,,,,UNKNOWN,GREEN
1983-04-30,1.27,10.2,0.7999999999999989,124.66666666666667,0.03755868544600949,False,False,SEVERE,3,0,0.31,NORMAL,,,,,-0.091,,,False,False,False,False,False,UNKNOWN,0.7635135135135136,0.6052344601962922,1.89,NORMAL,,,,UNKNOWN,GREEN
1983-05-31,0.97,10.1,0.5,242.33333333333334,0.0,False,False,SEVERE,3,0,0.78,NORMAL,,,,,-0.188,,,False,False,False,False,False,UNKNOWN,0.751311647429171,0.7326829268292683,1.84,NORMAL,,,,UNKNOWN,GREEN
1983-06-30,0.7,10.1,0.29999999999999893,310.3333333333333,0.0,False,False,SEVERE,3,0,0.92,NORMAL,,,,,-0.172,,,False,False,False,False,False,UNKNOWN,0.9375684556407449,0.9212860310421287,1.81,NORMAL,,,,UNKNOWN,GREEN
1983-07-31,0.3,9.4,0.0,357.6666666666667,0.0,False,False,ELEVATED,3,0,1.05,NORMAL,,,,,-0.086,,,False,False,False,False,False,UNKNOWN,0.7193486590038314,0.5308747855917668,2.17,NORMAL,,,,UNKNOWN,GREEN
1983-08-31,-0.07,9.5,0.09999999999999964,161.66666666666666,0.07725587144622992,False,False,NORMAL,3,0,0.89,NORMAL,,,,,-0.083,,,False,False,False,False,False,UNKNOWN,0.8498920086393089,0.8260038240917782,2.34,NORMAL,,,,UNKNOWN,GREEN
1983-09-30,-0.23,9.2,0.0,408.6666666666667,0.010506798516687343,False,False,NORMAL,3,0,1.04,NORMAL,,,,,-0.081,,,False,False,False,False,False,UNKNOWN,0.5211132437619961,0.4947552447552448,2.4,NORMAL,,,,UNKNOWN,GREEN
1983-10-31,-0.23,8.8,0.0,361.0,0.0,False,False,NORMAL,3,0,1.01,NORMAL,,,,,0.01,,,True,False,False,False,False,UNKNOWN,0.4934725848563968,0.4620630861040069,2.91,NORMAL,,,,UNKNOWN,GREEN
1983-11-30,-0.37,8.5,0.0,582.0,0.0,False,False,NORMAL,3,0,1.11,NORMAL,,,,,0.1,,,True,False,False,False,False,UNKNOWN,0.3572009764035802,0.30102040816326525,2.39,NORMAL,,,,UNKNOWN,GREEN
1983-12-31,-0.33,8.3,0.0,327.6666666666667,0.004755434782608647,False,False,NORMAL,3,0,0.91,NORMAL,,,,,0.059,,,True,False,False,False,False,UNKNOWN,0.20429311621021462,0.29547198772064465,2.49,NORMAL,,,,UNKNOWN,GREEN
1984-01-31,-0.27,8.0,0.0,384.3333333333333,0.0,False,False,NORMAL,3,0,1.01,NORMAL,,,,,-0.096,,,False,False,False,False,False,UNKNOWN,0.2734922861150071,0.19609079445145028,2.41,NORMAL,,,,UNKNOWN,GREEN
1984-02-29,-0.2,7.8,0.0,427.3333333333333,0.0,False,False,NORMAL,3,0,0.98,NORMAL,,,,,-0.194,,,False,False,False,False,False,UNKNOWN,0.35078178110129166,0.3301942319011184,2.55,NORMAL,,,,UNKNOWN,GREEN
1984-03-31,-0.13,7.8,0.0,399.6666666666667,0.018422991893883633,False,False,NORMAL,3,0,0.8,NORMAL,,,,,-0.029,,,False,False,False,False,False,UNKNOWN,0.1694915254237288,0.03549190535491897,2.44,NORMAL,,,,UNKNOWN,GREEN
1984-04-30,-0.07,7.7,0.0,373.0,0.08843036109064117,False,False,NORMAL,3,0,0.57,NORMAL,,,,,0.381,,,True,False,False,False,False,UNKNOWN,0.13409961685823757,0.25747282608695654,2.72,NORMAL,,,,UNKNOWN,GREEN
1984-05-31,-0.1,7.4,0.0,313.6666666666667,0.06190125276344882,False,False,NORMAL,3,0,0.55,NORMAL,,,,,0.89,,,True,True,False,False,False,UNKNOWN,0.04313960455362498,-0.0011261261261261701,3.78,NORMAL,,,,UNKNOWN,GREEN
1984-06-30,-0.23,7.2,0.0,350.0,0.07000736919675754,False,False,NORMAL,3,0,0.6,NORMAL,,,,,1.216,,,True,True,False,False,False,UNKNOWN,0.02543810062182028,0.06347374495095215,3.53,NORMAL,,,,UNKNOWN,GREEN
1984-07-31,-0.1,7.5,0.2999999999999998,332.3333333333333,0.06263817243920422,False,False,NORMAL,3,0,0.44,NORMAL,,,,,1.015,,,True,True,False,False,False,UNKNOWN,-0.1058495821727019,-0.029691876750700286,2.08,ELEVATED,,,,UNKNOWN,GREEN
1984-08-31,0.0,7.5,0.2999999999999998,311.3333333333333,0.1481208548268238,False,False,NORMAL,3,0,0.24,NORMAL,,,,,0.577,,,True,True,False,False,False,UNKNOWN,-0.10683012259194391,-0.16963350785340314,1.73,ELEVATED,,,,UNKNOWN,GREEN
1984-09-30,0.1,7.3,0.09999999999999964,288.3333333333333,0.17317612380250558,True,False,ELEVATED,3,1,0.01,NORMAL,,,,,0.324,,,True,False,False,False,False,UNKNOWN,-0.039116719242902165,-0.007017543859649145,1.84,NORMAL,,,,UNKNOWN,GREEN
1984-10-31,0.07,7.4,0.20000000000000018,280.0,0.23581429624170958,True,False,ELEVATED,3,1,0.03,NORMAL,,,,,0.106,,,True,False,False,False,False,UNKNOWN,-0.13170163170163174,-0.07288629737609331,2.44,ELEVATED,,,,UNKNOWN,YELLOW
1984-11-30,-0.03,7.2,0.0,316.6666666666667,0.19970523212969793,True,False,ELEVATED,3,0,0.18,NORMAL,,,,,-0.118,,,False,False,False,False,False,UNKNOWN,-0.014988009592326157,-0.05378151260504205,2.84,NORMAL,,,,UNKNOWN,GREEN
1984-12-31,-0.07,7.3,0.09999999999999964,254.33333333333334,0.12527634487840822,False,False,NORMAL,3,0,0.22,NORMAL,,,,,-0.281,,,False,False,False,False,False,UNKNOWN,-0.0006146281499692652,-0.04502369668246442,3.43,NORMAL,,,,UNKNOWN,GREEN
1985-01-31,0.03,7.3,0.09999999999999964,247.66666666666666,0.09285187914517312,False,False,NORMAL,3,0,0.13,NORMAL,,,,,-0.387,,,False,False,False,False,False,UNKNOWN,-0.08590308370044053,-0.0980495519240907,2.84,NORMAL,,,,UNKNOWN,GREEN
1985-02-28,0.1,7.2,0.0,173.66666666666666,0.1505139500734214,False,False,NORMAL,3,0,-0.02,NORMAL,,,,,-0.349,,,False,False,False,False,False,UNKNOWN,-0.16356316054353293,-0.2778761061946903,3.1,SEVERE,,,,UNKNOWN,GREEN
1985-03-31,0.13,7.2,0.0,245.0,0.07974594213126318,False,False,NORMAL,3,0,0.08,NORMAL,,,,,-0.269,,,False,False,False,False,False,UNKNOWN,0.001159420289855051,0.08238123872519543,3.18,NORMAL,,,,UNKNOWN,GREEN
1985-04-30,0.1,7.3,0.09999999999999964,222.0,0.1132075471698113,False,False,NORMAL,3,0,0.01,NORMAL,,,,,-0.334,,,False,False,False,False,False,UNKNOWN,-0.06306306306306309,-0.01620745542949753,3.29,NORMAL,,,,UNKNOWN,GREEN
1985-05-31,0.1,7.2,0.0,269.6666666666667,0.09783368273934312,False,False,NORMAL,3,0,0.15,NORMAL,,,,,-0.46,,,False,False,False,False,False,UNKNOWN,-0.018380241240666284,-0.0529875986471251,2.9,NORMAL,,,,UNKNOWN,GREEN
1985-06-30,0.1,7.4,0.20000000000000018,205.66666666666666,0.08807212205270454,False,False,NORMAL,3,2,-0.14,ELEVATED,,,,,-0.439,,,False,False,False,False,False,UNKNOWN,-0.05402425578831316,-0.09061313076505695,3.2,NORMAL,,,,UNKNOWN,GREEN
1985-07-31,0.1,7.4,0.20000000000000018,203.33333333333334,0.037722908093278384,False,False,NORMAL,3,2,-0.12,ELEVATED,,,,,-0.316,,,False,False,False,False,False,UNKNOWN,0.0573208722741434,-0.02771362586605086,3.05,NORMAL,,,,UNKNOWN,GREEN
1985-08-31,0.0,7.1,0.0,176.0,0.08900876601483487,False,False,NORMAL,3,1,-0.06,NORMAL,,,,,-0.145,,,False,False,False,False,False,UNKNOWN,0.18169934640522878,0.09899117276166458,2.9,NORMAL,,,,UNKNOWN,GREEN
1985-09-30,-0.07,7.1,0.0,195.33333333333334,0.10182063385030338,False,False,NORMAL,3,0,0.19,NORMAL,,,,,-0.142,,,False,False,False,False,False,UNKNOWN,0.258043335521996,-0.012956419316843326,3.04,NORMAL,,,,UNKNOWN,GREEN
1985-10-31,-0.07,7.1,0.0,195.0,0.09440323668240058,False,False,NORMAL,3,0,0.13,NORMAL,,,,,-0.27,,,False,False,False,False,False,UNKNOWN,0.16979865771812075,0.1534591194968553,2.59,NORMAL,,,,UNKNOWN,GREEN
1985-11-30,0.0,7.0,0.0,201.0,0.05799055967633171,False,False,NORMAL,3,0,0.06,NORMAL,,,,,-0.33,,,False,False,False,False,False,UNKNOWN,0.029823493609251406,0.005328596802841812,2.2,NORMAL,,,,UNKNOWN,GREEN
1985-12-31,-0.07,7.0,0.0,188.0,0.03910991233985173,False,False,NORMAL,3,1,0.08,NORMAL,,,,,-0.266,,,False,False,False,False,False,UNKNOWN,0.10332103321033204,0.20471464019851116,1.72,NORMAL,,,,UNKNOWN,GREEN
1986-01-31,-0.13,6.7,0.0,166.33333333333334,0.0,False,False,NORMAL,3,0,0.41,NORMAL,2.29,-0.04999999999999982,,,-0.259,,,False,False,False,False,False,NORMAL,0.11265060240963853,0.15254237288135597,1.89,NORMAL,,,,UNKNOWN,GREEN
1986-02-28,0.1,7.2,0.5,134.66666666666666,0.032122905027933024,False,False,NORMAL,3,0,0.12,NORMAL,2.49,0.17000000000000037,,,-0.299,,,False,False,False,False,False,NORMAL,0.06317689530685922,0.13235294117647056,0.89,NORMAL,,,,UNKNOWN,GREEN
1986-03-31,0.2,7.2,0.5,108.33333333333333,0.06913407821229045,False,False,NORMAL,3,1,-0.04,NORMAL,2.92,0.4299999999999997,,,-0.335,,,True,False,False,False,False,ELEVATED,0.030689056166763207,0.04222222222222216,0.86,NORMAL,,,,UNKNOWN,GREEN
1986-04-30,0.33,7.1,0.39999999999999947,129.66666666666666,0.07751396648044695,False,False,ELEVATED,3,1,-0.07,NORMAL,2.78,-0.14000000000000012,,,-0.421,,,True,False,False,False,False,ELEVATED,0.11658653846153855,0.061504667764964216,1.1,NORMAL,,,-0.31664964249233907,NORMAL,ORANGE
1986-05-31,0.33,7.2,0.5,133.66666666666666,0.07402234636871508,False,False,ELEVATED,3,1,0.05,NORMAL,2.36,-0.3700000000000001,,,-0.475,,,False,False,False,False,False,NORMAL,0.051492100643651284,0.10357142857142865,1.56,NORMAL,,,0.09599395313681014,NORMAL,GREEN
1986-06-30,0.3,7.2,0.5,73.66666666666667,0.034916201117318524,False,False,ELEVATED,3,1,0.08,NORMAL,2.81,0.6200000000000001,,,-0.444,,,True,False,False,False,False,ELEVATED,0.04312354312354305,0.10202863961813846,1.22,NORMAL,,,0.24878048780487805,NORMAL,ORANGE
1986-07-31,0.23,7.0,0.2999999999999998,117.33333333333333,0.011173184357541999,False,False,NORMAL,3,0,0.02,NORMAL,2.91,0.1200000000000001,,,-0.492,,,True,False,False,False,False,ELEVATED,0.048909840895698276,0.05819477434679343,1.38,NORMAL,,,-0.16068759342301941,NORMAL,GREEN
1986-08-31,0.07,6.9,0.20000000000000018,113.33333333333333,0.13198324022346375,False,False,NORMAL,3,0,0.09,NORMAL,3.07,0.1599999999999997,,,-0.587,,,True,False,False,False,False,ELEVATED,-0.04535398230088494,0.03671830177854285,1.64,NORMAL,,,0.09862068965517246,NORMAL,GREEN
1986-09-30,0.03,7.0,0.2999999999999998,259.6666666666667,0.10474860335195535,False,False,NORMAL,3,0,0.36,NORMAL,2.75,-0.2799999999999998,,,-0.552,,,True,False,False,False,False,ELEVATED,-0.12004175365344472,0.0065632458233890745,2.11,ELEVATED,,,0.14843749999999978,NORMAL,YELLOW
1986-10-31,0.07,7.0,0.2999999999999998,216.0,0.0705307262569832,False,False,NORMAL,3,0,0.16,NORMAL,2.82,0.009999999999999787,,,-0.541,,,True,False,False,False,False,ELEVATED,-0.039013195639701626,-0.08342420937840789,2.0,NORMAL,,,0.3579697239536954,ELEVATED,YELLOW
1986-11-30,0.13,6.9,0.20000000000000018,240.0,0.013966480446927276,False,False,NORMAL,3,0,0.14,NORMAL,2.85,0.050000000000000266,,,-0.551,,,True,False,False,False,False,ELEVATED,-0.028368794326241176,-0.044169611307420475,1.61,NORMAL,,,-0.058380414312617646,NORMAL,GREEN
1986-12-31,-0.07,6.6,0.0,191.66666666666666,0.0006983240223463749,False,False,NORMAL,3,0,0.24,NORMAL,2.76,-0.16000000000000014,,,-0.511,,,True,False,False,False,False,ELEVATED,0.06075808249721293,-0.056127703398558215,1.4,NORMAL,,,0.20612244897959187,NORMAL,GREEN
1987-01-31,-0.07,6.6,0.0,185.66666666666666,0.03537214443625647,False,False,NORMAL,3,1,0.0,NORMAL,2.5,-0.2599999999999998,,,-0.486,,,True,False,False,False,False,ELEVATED,-0.08500270709258262,-0.10040567951318458,1.42,ELEVATED,,,0.2281967213114755,NORMAL,YELLOW
1987-02-28,-0.07,6.6,0.0,203.66666666666666,0.028002947678702927,False,False,NORMAL,3,0,0.49,NORMAL,2.43,-0.11999999999999966,,,-0.434,,,False,False,False,False,False,NORMAL,-0.04414261460101865,-0.03463203463203468,1.59,NORMAL,,,0.09666666666666668,NORMAL,GREEN
1987-03-31,-0.03,6.6,0.0,218.33333333333334,0.0,False,False,NORMAL,3,0,0.22,NORMAL,2.19,-0.2200000000000002,,,-0.171,,,False,False,False,False,False,NORMAL,-0.04269662921348316,-0.07995735607675902,1.72,NORMAL,,,0.06147772137619856,NORMAL,GREEN
1987-04-30,-0.13,6.3,0.0,273.6666666666667,0.014328808446455454,False,False,NORMAL,3,0,0.63,NORMAL,2.16,0.0,,,0.31,,,True,False,False,False,False,ELEVATED,-0.13832077502691065,-0.165028453181583,2.51,ELEVATED,,,0.0016017084890549427,NORMAL,YELLOW
1987-05-31,-0.13,6.3,0.0,269.6666666666667,0.008371385083713934,False,False,NORMAL,3,1,0.27,NORMAL,2.08,-0.08000000000000007,,,0.623,,,True,True,False,False,False,SEVERE,-0.1652754590984975,-0.12189859762675292,2.62,ELEVATED,,,0.1768996960486322,NORMAL,YELLOW
1987-06-30,-0.17,6.2,0.0,245.33333333333334,0.0,False,False,NORMAL,3,0,0.32,NORMAL,2.12,0.2300000000000002,,,0.427,,,True,False,False,False,False,ELEVATED,-0.1497206703910614,-0.13697888467785602,2.47,ELEVATED,,,0.07438894792773643,NORMAL,YELLOW
1987-07-31,-0.1,6.1,0.0,249.33333333333334,0.0,False,False,NORMAL,3,0,0.46,NORMAL,2.11,-0.14000000000000012,,,0.052,,,True,False,False,False,False,ELEVATED,-0.14831460674157304,-0.11616161616161613,2.39,ELEVATED,,,0.14232409381663103,NORMAL,YELLOW
1987-08-31,-0.1,6.0,0.0,230.66666666666666,0.002349256068911565,False,False,NORMAL,3,0,0.42,NORMAL,1.92,-0.10999999999999988,,,0.042,,,True,False,False,False,False,ELEVATED,-0.12456546929316337,-0.11178749308245706,2.55,ELEVATED,,,0.02066115702479343,NORMAL,YELLOW
1987-09-30,-0.07,5.9,0.0,249.0,0.0,False,False,NORMAL,3,0,0.49,NORMAL,1.91,0.04999999999999982,,,0.494,,,True,False,False,False,False,ELEVATED,-0.10201660735468565,0.004742145820983978,2.8,ELEVATED,,,-0.029673590504450953,NORMAL,YELLOW
1987-10-31,0.0,6.0,0.09999999999999964,297.0,0.0,False,False,NORMAL,3,0,0.5,NORMAL,2.45,0.6300000000000001,,,1.104,,,True,True,False,False,False,SEVERE,-0.13611940298507463,-0.09875074360499703,3.43,ELEVATED,,,-0.06999533364442367,NORMAL,YELLOW
1987-11-30,-0.03,5.8,0.0,317.3333333333333,0.03282828282828287,False,False,NORMAL,3,0,0.48,NORMAL,2.24,-0.21999999999999975,,,1.112,,,True,True,False,False,False,SEVERE,-0.11374695863746964,0.020332717190388205,3.57,ELEVATED,,,-0.06275303643724706,NORMAL,YELLOW
1987-12-31,-0.03,5.7,0.0,338.0,0.07323232323232332,False,False,NORMAL,3,0,0.51,NORMAL,2.39,0.16999999999999993,,,0.836,,,True,True,False,False,False,SEVERE,-0.2932212296374146,-0.23622476813966176,2.97,SEVERE,,,-0.1467889908256882,NORMAL,YELLOW
1988-01-31,-0.07,5.7,0.0,205.0,0.14730639730639727,False,False,NORMAL,3,0,0.22,NORMAL,2.51,0.05999999999999961,,,0.367,,,True,False,False,False,False,ELEVATED,-0.263905325443787,-0.2835400225479143,2.44,SEVERE,,,-0.14851981936778735,NORMAL,YELLOW
1988-02-29,-0.07,5.7,0.0,280.6666666666667,0.07323232323232332,False,False,NORMAL,3,0,0.31,NORMAL,2.37,-0.13999999999999968,,,0.138,,,True,False,False,False,False,ELEVATED,-0.1486086441681468,-0.17432735426008972,2.36,ELEVATED,,,-0.13714902807775375,NORMAL,YELLOW
1988-03-31,-0.07,5.7,0.0,276.0,0.028619528619528545,False,False,NORMAL,3,0,0.27,NORMAL,2.19,-0.10999999999999988,,,0.136,,,True,False,False,False,False,ELEVATED,-0.1050469483568075,-0.11239860950173808,2.7,ELEVATED,,,0.0209080047789727,NORMAL,YELLOW
1988-04-30,-0.13,5.4,0.0,326.3333333333333,0.05387205387205385,False,False,NORMAL,3,0,0.41,NORMAL,2.07,-0.1200000000000001,,,0.251,,,True,False,False,False,False,ELEVATED,-0.10743285446595874,-0.025402726146220522,2.71,ELEVATED,,,0.06658809664113163,NORMAL,YELLOW
1988-05-31,-0.03,5.6,0.1999999999999993,249.33333333333334,0.056397306397306446,False,False,NORMAL,3,0,0.23,NORMAL,1.93,-0.07999999999999985,,,0.259,,,True,False,False,False,False,ELEVATED,-0.03733333333333333,-0.12714987714987713,2.53,ELEVATED,,,0.09762202753441795,NORMAL,YELLOW
1988-06-30,-0.1,5.4,0.0,279.0,0.037878787878787845,False,False,NORMAL,3,0,0.23,NORMAL,2.16,0.18000000000000016,,,0.306,,,True,False,False,False,False,ELEVATED,-0.02431011826544016,-0.07277289836888334,2.05,NORMAL,,,-0.11059098888238739,NORMAL,GREEN
1988-07-31,0.0,5.4,0.0,272.6666666666667,0.09680134680134689,False,False,NORMAL,3,0,0.14,NORMAL,2.07,-0.0900000000000003,,,0.433,,,True,False,False,False,False,ELEVATED,-0.05079155672823221,-0.06857142857142862,1.94,NORMAL,,,-0.09558011049723758,NORMAL,GREEN
1988-08-31,0.0,5.6,0.1999999999999993,237.33333333333334,0.05976430976430969,False,False,NORMAL,3,0,0.16,NORMAL,1.97,-0.15999999999999992,,,0.401,,,True,False,False,False,False,ELEVATED,-0.03375248180013235,-0.06978193146417444,1.71,NORMAL,,,-0.13397947548460665,NORMAL,GREEN
1988-09-30,0.03,5.4,0.0,229.0,0.025252525252525304,False,False,NORMAL,3,0,0.03,NORMAL,1.62,-0.31999999999999984,,,0.257,,,True,False,False,False,False,ELEVATED,-0.0515191545574637,-0.11976401179940999,1.38,ELEVATED,,,-0.12302631578947365,NORMAL,YELLOW
1988-10-31,0.0,5.4,0.0,242.0,0.0017196904557179593,False,False,NORMAL,3,0,0.2,NORMAL,1.58,-0.040000000000000036,,,0.188,,,True,False,False,False,False,ELEVATED,0.0476848652384243,0.004620462046204699,1.03,NORMAL,,,-0.17287721441661585,NORMAL,GREEN
1988-11-30,-0.07,5.3,0.0,314.3333333333333,0.011314186248912117,False,False,NORMAL,3,0,0.27,NORMAL,1.55,-0.030000000000000027,,,0.157,,,True,False,False,False,False,ELEVATED,0.03500343170899112,-0.05253623188405798,0.96,NORMAL,,,0.015141540487162652,NORMAL,GREEN
1988-12-31,-0.03,5.3,0.0,295.0,0.01653611836379465,False,False,NORMAL,3,0,0.44,NORMAL,1.55,-0.030000000000000027,,,0.143,,,True,False,False,False,False,ELEVATED,0.11598513011152423,0.11642857142857133,0.77,NORMAL,,,0.2843210802700675,ELEVATED,YELLOW
1989-01-31,0.03,5.4,0.10000000000000053,295.0,0.00870322019147074,False,False,NORMAL,3,0,0.36,NORMAL,1.56,0.010000000000000009,,,0.19,,,True,False,False,False,False,ELEVATED,0.1784565916398715,0.2753737214791503,0.32,NORMAL,,,0.25553914327917293,ELEVATED,YELLOW
1989-02-28,-0.07,5.2,0.0,270.0,0.058362369337979114,False,False,NORMAL,3,0,0.13,NORMAL,1.35,-0.22999999999999998,,,0.412,,,True,False,False,False,False,ELEVATED,-0.03824756606397772,-0.03258655804480648,0.29,NORMAL,,,0.18093385214007784,NORMAL,GREEN
1989-03-31,-0.1,5.0,0.0,241.0,0.12195121951219523,False,False,NORMAL,3,1,-0.12,NORMAL,1.31,-0.06999999999999984,,,0.72,,,True,True,False,False,False,SEVERE,-0.2039344262295082,-0.07180156657963443,0.07,SEVERE,,,0.18399532710280364,NORMAL,YELLOW
1989-04-30,-0.03,5.2,0.20000000000000018,210.0,0.0766550522648084,False,False,NORMAL,3,2,-0.16,ELEVATED,1.55,0.24,,,0.622,,,True,True,False,False,False,SEVERE,-0.037088873337998596,-0.14876033057851235,0.31,ELEVATED,,,0.19882352941176462,NORMAL,RED
1989-05-31,0.03,5.2,0.20000000000000018,162.0,0.13066202090592327,False,False,NORMAL,3,3,-0.22,SEVERE,1.7,0.19999999999999996,,,0.366,,,True,False,False,False,False,ELEVATED,-0.0436288088642659,-0.06333567909922588,-0.32,NORMAL,,,0.09445359692476663,NORMAL,YELLOW
1989-06-30,0.13,5.3,0.2999999999999998,135.33333333333334,0.16027874564459932,False,False,NORMAL,3,2,-0.23,ELEVATED,1.83,0.06000000000000005,,,0.258,,,True,False,False,False,False,ELEVATED,-0.10976430976430973,-0.05480378890392423,-0.16,ELEVATED,,,0.0009866798223976403,NORMAL,YELLOW
1989-07-31,0.1,5.2,0.20000000000000018,92.66666666666667,0.1837979094076656,True,False,ELEVATED,3,2,-0.55,ELEVATED,1.99,0.15999999999999992,,,0.21,,,True,False,False,False,False,ELEVATED,-0.108408617095205,-0.02726653033401505,-0.22,ELEVATED,,,-0.10058881256133467,NORMAL,ORANGE
1989-08-31,0.1,5.2,0.20000000000000018,69.0,0.16550522648083632,True,False,ELEVATED,3,1,-0.13,NORMAL,1.7,-0.26,,,0.24,,,True,False,False,False,False,ELEVATED,-0.08630136986301373,-0.10783657066309449,0.1,ELEVATED,,,-0.05418966382338175,NORMAL,ORANGE
1989-09-30,0.1,5.3,0.2999999999999998,114.0,0.17682926829268286,True,False,ELEVATED,3,1,-0.23,NORMAL,1.62,-0.07999999999999985,,,0.382,,,True,False,False,False,False,ELEVATED,-0.08495821727019504,-0.14276139410187672,0.13,ELEVATED,,,-0.006899950714637781,NORMAL,ORANGE
1989-10-31,0.13,5.3,0.2999999999999998,135.66666666666666,0.2656794425087108,True,True,ELEVATED,3,0,-0.09,NORMAL,1.84,0.19000000000000017,,,0.303,,,True,False,False,False,False,ELEVATED,-0.0996042216358839,-0.07358738501971096,-0.12,NORMAL,,,0.0845608292416804,NORMAL,ORANGE
1989-11-30,0.2,5.4,0.40000000000000036,210.66666666666666,0.1733449477351916,True,False,ELEVATED,3,2,-0.26,ELEVATED,1.99,0.1499999999999999,,,0.103,,,True,False,False,False,False,ELEVATED,-0.10875331564986734,-0.13894200127469725,0.0,ELEVATED,,,0.054111405835543636,NORMAL,ORANGE
1989-12-31,0.13,5.4,0.40000000000000036,155.66666666666666,0.2473867595818815,True,False,ELEVATED,3,0,-0.1,NORMAL,1.91,-0.08000000000000007,,,0.027,,,True,False,False,False,False,ELEVATED,-0.052631578947368474,-0.19961612284069097,0.13,ELEVATED,,,0.08387096774193559,NORMAL,ORANGE
1990-01-31,0.13,5.4,0.40000000000000036,240.0,0.2578397212543555,True,True,ELEVATED,3,0,-0.03,NORMAL,1.68,-0.22999999999999998,,,0.066,,,True,False,False,False,False,ELEVATED,0.1923601637107777,-0.043183220234423225,0.43,NORMAL,,,0.1413480885311873,NORMAL,ORANGE
1990-02-28,0.13,5.3,0.2999999999999998,228.0,0.15938511326860838,True,False,ELEVATED,3,0,0.1,NORMAL,1.68,0.06999999999999984,,,0.053,,,True,False,False,False,False,ELEVATED,-0.0390455531453362,0.008421052631578885,0.47,NORMAL,,,0.08454957221942627,NORMAL,ORANGE
1990-03-31,0.1,5.2,0.0,268.0,0.11245954692556626,False,False,NORMAL,3,0,0.16,NORMAL,1.58,-0.07999999999999985,,,0.079,,,True,False,False,False,False,ELEVATED,0.02635914332784184,-0.09353023909985936,0.58,NORMAL,,,-0.06868131868131866,NORMAL,GREEN
1990-04-30,0.13,5.4,0.20000000000000018,159.33333333333334,0.1650563607085347,False,False,NORMAL,3,0,0.0,NORMAL,1.5,-0.08000000000000007,,,0.112,,,True,False,False,False,False,ELEVATED,-0.17441860465116277,-0.06796116504854366,0.97,ELEVATED,,,-0.18466284706919356,NORMAL,YELLOW
1990-05-31,0.13,5.4,0.20000000000000018,130.66666666666666,0.09056024558710662,False,False,NORMAL,3,0,-0.17,NORMAL,1.71,0.24,,,-0.005,,,False,False,False,False,False,NORMAL,-0.22737146994931212,-0.0894064613072878,0.59,SEVERE,,,-0.18932714617169377,NORMAL,GREEN
1990-06-30,0.03,5.2,0.0,70.0,0.0906344410876132,False,False,NORMAL,3,1,-0.24,NORMAL,1.79,0.0,,,-0.154,,,False,False,False,False,False,NORMAL,-0.16187594553706508,-0.15748031496062997,0.43,ELEVATED,,,-0.16175024582104225,NORMAL,GREEN
1990-07-31,0.07,5.5,0.2999999999999998,47.0,0.10876132930513593,False,False,ELEVATED,3,0,-0.2,NORMAL,1.77,-0.010000000000000009,,,-0.072,,,False,False,False,False,False,NORMAL,-0.1597817614964926,-0.17939733707077787,0.62,ELEVATED,,,0.11189189189189186,NORMAL,YELLOW
1990-08-31,0.17,5.7,0.5,-73.66666666666667,0.1608761329305135,False,False,ELEVATED,3,1,-0.28,NORMAL,1.69,-0.07000000000000006,,,0.185,,,True,False,False,False,False,ELEVATED,-0.1986506746626686,-0.16291291291291288,1.23,ELEVATED,,,0.5712650257584431,SEVERE,ORANGE
1990-09-30,0.33,5.9,0.7000000000000002,-109.33333333333333,0.17149220489977735,True,False,ELEVATED,3,2,-0.54,ELEVATED,1.94,0.21999999999999997,,,0.381,,,True,False,False,False,False,ELEVATED,-0.25722983257229837,-0.1321344800625489,1.45,SEVERE,,,1.3184750733137829,SEVERE,ORANGE
1990-10-31,0.4,5.9,0.7000000000000002,-146.0,0.26280623608017817,True,False,ELEVATED,3,3,-0.65,SEVERE,2.13,0.16999999999999993,,,0.457,,,True,False,False,False,False,ELEVATED,-0.3223443223443223,-0.2808510638297872,1.31,SEVERE,,,0.7165775401069518,SEVERE,ORANGE
1990-11-30,0.5,6.2,1.0,-128.33333333333334,0.3159057437407953,True,True,SEVERE,3,3,-1.05,SEVERE,2.27,0.14000000000000012,,,0.472,,,True,False,False,False,False,ELEVATED,-0.29985119047619047,-0.15247964470762398,1.02,SEVERE,,,0.059380692167577465,NORMAL,RED
1990-12-31,0.6,6.3,1.0999999999999996,-118.0,0.32654545454545447,True,True,SEVERE,3,3,-1.1,SEVERE,2.35,0.08000000000000007,,,0.52,,,True,True,False,False,False,SEVERE,-0.3945147679324894,-0.22541966426858517,1.45,SEVERE,,,-0.27953453073614976,NORMAL,RED
1991-01-31,0.77,6.4,1.2000000000000002,-106.33333333333333,0.27927272727272734,True,True,SEVERE,3,3,-1.15,SEVERE,2.3,-0.1200000000000001,,,0.393,,11.99,True,False,True,True,True,ELEVATED,-0.5503432494279177,-0.4854932301740812,1.66,SEVERE,,,-0.37977909940526766,NORMAL,RED
1991-02-28,0.97,6.6,1.3999999999999995,-162.33333333333334,0.4079999999999999,True,True,SEVERE,3,3,-0.97,SEVERE,2.09,-0.20999999999999996,,,0.103,,11.99,True,False,True,True,True,ELEVATED,-0.3581640331075997,-0.32846207376478775,1.8,SEVERE,,,-0.3370013755158183,NORMAL,RED
1991-03-31,1.2,6.8,1.5999999999999996,-200.0,0.43933955491744436,True,True,SEVERE,3,3,-0.95,SEVERE,1.96,-0.1299999999999999,,,-0.147,,11.99,False,False,True,True,False,NORMAL,-0.2688603531300161,-0.28549262994569435,2.13,SEVERE,,,-0.310744382022472,NORMAL,RED
1991-04-30,1.3,6.7,1.5,-236.0,0.3152709359605912,True,True,SEVERE,3,1,-0.58,ELEVATED,1.83,-0.1399999999999999,,,-0.233,,11.83,False,False,True,True,False,NORMAL,-0.19366197183098588,-0.19791666666666663,2.34,ELEVATED,,,-0.04155251141552507,NORMAL,ORANGE
1991-05-31,1.43,6.9,1.7000000000000002,-160.66666666666666,0.24599303135888495,True,True,SEVERE,3,0,-0.31,NORMAL,1.77,-0.030000000000000027,,,-0.235,,11.83,False,False,True,True,False,NORMAL,-0.0712277413308341,-0.17821782178217827,2.35,ELEVATED,,,0.09751037344398328,NORMAL,YELLOW
1991-06-30,1.5,6.9,1.4000000000000004,-79.33333333333333,0.18244644091223217,True,False,SEVERE,3,0,0.0,NORMAL,1.66,-0.1100000000000001,,,-0.268,,11.83,False,False,True,True,False,NORMAL,-0.12996389891696747,-0.11979609175870853,2.53,ELEVATED,,,0.04737646459500766,NORMAL,YELLOW
1991-07-31,1.53,6.8,1.0999999999999996,-20.0,0.13423728813559332,False,False,SEVERE,3,0,0.05,NORMAL,1.6,-0.020000000000000018,,,-0.413,,11.51,False,False,True,True,False,NORMAL,-0.09740259740259738,-0.09222886421861654,2.5,NORMAL,,,0.03382563125297766,NORMAL,GREEN
1991-08-31,1.4,6.9,1.0,15.666666666666666,0.09833971902937422,False,False,SEVERE,3,0,-0.05,NORMAL,1.75,0.08000000000000007,,,-0.54,,11.51,False,False,True,True,False,NORMAL,-0.11693171188026197,-0.05919282511210766,2.33,ELEVATED,,,0.05293005671077511,NORMAL,YELLOW
1991-09-30,1.17,6.9,1.0,1.6666666666666667,0.06658291457286425,False,False,SEVERE,3,0,0.02,NORMAL,1.94,0.18999999999999995,,,-0.56,,11.51,False,False,True,True,False,NORMAL,-0.002049180327868827,-0.0855855855855856,2.21,NORMAL,,,0.08219844357976669,NORMAL,GREEN
1991-10-31,1.1,7.0,0.7999999999999998,23.666666666666668,0.013788968824939962,False,False,SEVERE,3,0,-0.15,NORMAL,2.02,0.06000000000000005,,,-0.58,,11.41,False,False,True,True,False,NORMAL,0.07135135135135129,0.0641025641025641,2.51,NORMAL,,,0.07327188940092166,NORMAL,GREEN
1991-11-30,1.0,7.0,0.7000000000000002,0.0,0.06714628297362113,False,False,SEVERE,3,0,-0.16,NORMAL,2.06,0.03000000000000025,,,-0.628,,11.41,False,False,True,True,False,NORMAL,0.0456960680127525,-0.03668122270742358,2.91,NORMAL,,,-0.03590664272890487,NORMAL,GREEN
1991-12-31,1.0,7.3,0.8999999999999995,-1.6666666666666667,0.09532374100719432,False,False,SEVERE,3,2,-0.52,ELEVATED,2.39,0.29000000000000004,,,-0.663,,11.41,False,False,True,True,False,NORMAL,0.23228803716608604,0.11351909184726527,2.75,NORMAL,,,-0.1393258426966293,NORMAL,ORANGE
1992-01-31,0.93,7.3,0.7000000000000002,1.3333333333333333,0.052757793764987904,False,False,SEVERE,3,1,-0.43,ELEVATED,1.9,-0.43000000000000016,,,-0.656,,10.92,False,False,True,True,False,NORMAL,0.3702290076335877,0.4736842105263157,3.37,NORMAL,,,-0.18720480893087155,NORMAL,ORANGE
1992-02-29,0.9,7.4,0.7000000000000002,4.0,0.06175059952038375,False,False,SEVERE,3,1,-0.26,NORMAL,1.9,-0.020000000000000018,,,-0.653,,10.92,False,False,True,True,False,NORMAL,0.34349355216881605,0.2953367875647668,3.24,NORMAL,,,-0.1298882681564245,NORMAL,GREEN
1992-03-31,0.77,7.4,0.7000000000000002,12.333333333333334,0.029976019184652314,False,False,SEVERE,3,0,0.16,NORMAL,1.7,-0.08000000000000007,,,-0.682,,10.92,False,False,True,True,False,NORMAL,0.1877058177826565,0.4082519001085776,3.39,NORMAL,,,0.017754569190600478,NORMAL,GREEN
1992-04-30,0.67,7.4,0.6000000000000005,50.333333333333336,0.002997601918465209,False,False,SEVERE,3,0,0.26,NORMAL,1.63,-0.1200000000000001,,,-0.76,,10.49,False,False,True,True,False,NORMAL,0.1506550218340612,0.09790209790209792,3.82,NORMAL,,,0.10301109350237714,NORMAL,GREEN
1992-05-31,0.63,7.6,0.7999999999999998,111.33333333333333,0.0,False,False,SEVERE,3,0,0.21,NORMAL,1.77,0.14000000000000012,,,-0.859,,10.49,False,False,True,True,False,NORMAL,0.06559031281533811,0.21887550200803219,3.54,NORMAL,,,0.18405564472980185,NORMAL,GREEN
1992-06-30,0.73,7.8,1.0,113.0,0.012084592145015005,False,False,SEVERE,3,0,0.08,NORMAL,1.86,0.1200000000000001,,,-0.914,,10.49,False,False,True,True,False,NORMAL,0.09647302904564325,0.10521235521235517,3.49,NORMAL,,,0.12057465366854814,NORMAL,GREEN
1992-07-31,0.87,7.7,0.7999999999999998,92.33333333333333,0.08850645359557463,False,False,SEVERE,3,0,0.14,NORMAL,1.97,-0.020000000000000018,,,-0.936,,10.31,False,False,True,True,False,NORMAL,0.11921891058581702,0.07149576669802449,3.47,NORMAL,,,0.045498084291187624,NORMAL,GREEN
1992-08-31,0.9,7.6,0.6999999999999993,90.0,0.0,False,False,SEVERE,3,0,-0.05,NORMAL,2.06,0.08000000000000007,,,-0.897,,10.31,False,False,True,True,False,NORMAL,0.13877118644067798,0.16873212583412767,3.39,NORMAL,,,-0.03027564392227733,NORMAL,GREEN
1992-09-30,0.8,7.6,0.5999999999999996,81.66666666666667,0.03409795412275263,False,False,SEVERE,3,1,-0.03,NORMAL,2.29,0.18000000000000016,,,-0.804,,10.31,False,False,True,True,False,NORMAL,0.14373716632443534,0.16847290640394097,3.62,NORMAL,,,-0.00045787545787556727,NORMAL,GREEN
1992-10-31,0.67,7.3,0.2999999999999998,115.33333333333333,0.0,False,False,SEVERE,3,1,-0.11,NORMAL,2.19,-0.20000000000000018,,,-0.682,,9.7,False,False,True,True,False,NORMAL,0.14228052472250252,0.15291936978683962,3.77,NORMAL,,,-0.05267979844251025,NORMAL,GREEN
1992-11-30,0.5,7.4,0.10000000000000053,122.33333333333333,0.0,False,False,SEVERE,3,1,0.13,NORMAL,2.0,-0.2200000000000002,,,-0.734,,9.7,False,False,True,True,False,NORMAL,0.13617886178861793,0.10063463281958285,3.57,NORMAL,,,-0.07222739981360671,NORMAL,GREEN
1992-12-31,0.37,7.4,0.10000000000000053,183.66666666666666,0.0,False,False,ELEVATED,3,0,0.25,NORMAL,2.06,0.06000000000000005,,,-0.88,,9.7,False,False,True,True,False,NORMAL,0.10838831291234685,0.13716404077849864,3.55,NORMAL,,,-0.10719193770041224,NORMAL,GREEN
1993-01-31,0.2,7.3,0.0,217.0,0.03353204172876301,False,False,NORMAL,3,0,0.25,NORMAL,2.11,0.04999999999999982,,,-0.956,,8.81,False,False,True,True,False,NORMAL,0.0928505106778088,0.028911564625850428,3.43,NORMAL,,,-0.019825918762088945,NORMAL,GREEN
1993-02-28,-0.03,7.1,0.0,254.66666666666666,0.024224072672218044,False,False,NORMAL,3,0,0.28,NORMAL,2.2,0.10000000000000009,,,-0.955,,8.81,False,False,True,True,False,NORMAL,0.0017452006980802626,-0.03200000000000003,3.02,NORMAL,,,0.03114013058764442,NORMAL,GREEN
1993-03-31,-0.1,7.0,0.0,167.33333333333334,0.0628311884935655,False,False,NORMAL,3,2,-0.03,ELEVATED,2.18,-0.04999999999999982,,,-0.974,,8.81,False,False,True,True,False,NORMAL,-0.02402957486136781,-0.16499614494988435,3.08,ELEVATED,,,0.048742945100051394,NORMAL,YELLOW
1993-04-30,-0.03,7.1,0.09999999999999964,170.0,0.07418622255866758,False,False,NORMAL,3,1,-0.01,NORMAL,2.12,-0.06000000000000005,,,-0.993,,8.25,False,False,True,True,False,NORMAL,0.04743833017077792,0.1446769790718836,3.08,NORMAL,,,0.013320177602367922,NORMAL,GREEN
1993-05-31,-0.03,7.1,0.09999999999999964,174.66666666666666,0.040878122634367964,False,False,NORMAL,3,1,-0.11,NORMAL,2.1,-0.020000000000000018,,,-0.981,,8.25,False,False,True,True,False,NORMAL,0.05303030303030298,0.03789126853377267,3.03,NORMAL,,,-0.023867510959571403,NORMAL,GREEN
1993-06-30,0.0,7.0,0.0,246.0,0.037850113550340625,False,False,NORMAL,3,0,0.06,NORMAL,2.16,0.06000000000000005,,,-1.019,,8.25,False,False,True,True,False,NORMAL,0.06906338694418168,0.11790393013100431,2.7,NORMAL,,,-0.07925636007827797,NORMAL,GREEN
1993-07-31,-0.07,6.9,0.0,251.33333333333334,0.07494322482967442,False,False,NORMAL,3,0,-0.03,NORMAL,2.05,-0.11000000000000032,,,-1.09,,7.51,False,False,True,True,False,NORMAL,0.07805325987144163,0.10096575943810371,2.73,NORMAL,,,-0.1178188899707886,NORMAL,GREEN
1993-08-31,-0.07,6.8,0.0,209.66666666666666,0.032551097653293004,False,False,NORMAL,3,0,0.0,NORMAL,1.91,-0.09000000000000008,,,-1.09,,7.51,False,False,True,True,False,NORMAL,0.1441860465116278,0.06035889070146827,2.37,NORMAL,,,-0.08982035928143717,NORMAL,GREEN
1993-09-30,-0.1,6.7,0.0,235.33333333333334,0.02649507948523855,False,False,NORMAL,3,0,0.12,NORMAL,2.0,0.1100000000000001,,,-1.05,,7.51,False,False,True,True,False,NORMAL,0.12298025134649904,0.13237774030354132,2.42,NORMAL,,,-0.005313496280552665,NORMAL,GREEN
1993-10-31,0.0,6.8,0.09999999999999964,226.66666666666666,0.0719152157456473,False,False,NORMAL,3,1,0.24,NORMAL,1.96,-0.040000000000000036,,,-0.966,,6.69,False,False,True,True,False,NORMAL,0.13692579505300362,0.11897106109324751,2.33,NORMAL,,,-0.06346578366445932,NORMAL,GREEN
1993-11-30,-0.1,6.6,0.0,262.3333333333333,0.032551097653293004,False,False,NORMAL,3,1,0.35,NORMAL,1.91,-0.050000000000000044,,,-0.937,,6.69,False,False,True,True,False,NORMAL,0.21377459749552763,0.13344316309719928,2.62,NORMAL,,,-0.1578947368421052,NORMAL,GREEN
1993-12-31,-0.1,6.5,0.0,292.3333333333333,0.0,False,False,NORMAL,3,0,0.39,NORMAL,1.94,0.06000000000000005,,,-1.003,-0.2888,6.69,False,False,True,True,False,NORMAL,0.24234693877551017,0.24938875305623465,2.76,NORMAL,,,-0.24198717948717952,NORMAL,GREEN
1994-01-31,0.0,6.6,0.09999999999999964,289.0,0.1261609907120742,False,False,NORMAL,3,0,0.29,NORMAL,1.85,-0.08999999999999986,,,-1.012,-0.2114,6.06,False,False,True,True,False,NORMAL,0.18096856414613427,0.05123966942148761,2.65,NORMAL,,,-0.10194460813199757,NORMAL,GREEN
1994-02-28,0.0,6.6,0.09999999999999964,265.0,0.07894736842105265,False,False,NORMAL,3,0,0.26,NORMAL,1.77,-0.09000000000000008,,,-0.918,-0.2691,6.06,False,False,True,True,False,NORMAL,0.10540069686411146,0.10495867768595035,2.68,NORMAL,,,-0.05598958333333326,NORMAL,GREEN
1994-03-31,0.03,6.5,0.0,306.6666666666667,0.03947368421052633,False,False,NORMAL,3,1,0.42,NORMAL,1.59,-0.11999999999999988,,,-0.789,-0.2256,6.06,False,False,True,True,False,NORMAL,0.27083333333333326,0.4441366574330563,3.21,NORMAL,,,0.015503875968992276,NORMAL,GREEN
1994-04-30,-0.07,6.4,0.0,329.3333333333333,0.06656346749226016,False,False,NORMAL,3,0,0.49,NORMAL,1.48,-0.06000000000000005,,,-0.72,-0.0799,5.44,False,False,True,True,False,NORMAL,0.26086956521739135,0.16454689984101756,3.09,NORMAL,,,0.087270341207349,NORMAL,GREEN
1994-05-31,-0.17,6.1,0.0,380.0,0.11145510835913308,False,False,NORMAL,3,0,0.55,NORMAL,1.51,0.050000000000000044,,,-0.72,-0.1875,5.44,False,False,True,True,False,NORMAL,0.2553956834532374,0.21111111111111103,2.86,NORMAL,,,0.24275862068965504,NORMAL,GREEN
1994-06-30,-0.17,6.1,0.0,331.3333333333333,0.05263157894736836,False,False,NORMAL,3,0,0.37,NORMAL,1.52,-0.020000000000000018,,,-0.716,-0.0889,5.44,False,False,True,True,False,NORMAL,0.20088495575221232,0.10078125000000004,3.08,NORMAL,,,0.344205412907703,ELEVATED,GREEN
1994-07-31,-0.1,6.1,0.0,339.6666666666667,0.06578947368421062,False,False,NORMAL,3,0,0.3,NORMAL,1.49,-0.030000000000000027,,,-0.77,-0.208,4.83,False,False,True,False,False,NORMAL,0.13713798977853497,0.1475279106858054,2.73,NORMAL,,,0.22510561255280637,NORMAL,GREEN
1994-08-31,0.03,6.0,0.0,326.6666666666667,0.04102167182662542,False,False,NORMAL,3,0,0.44,NORMAL,1.55,0.040000000000000036,,,-0.806,-0.3112,4.83,False,False,True,False,False,NORMAL,0.11951219512195133,0.11538461538461542,2.51,NORMAL,,,-0.023307436182019914,NORMAL,GREEN
1994-09-30,0.0,5.9,0.0,335.6666666666667,0.02244582043343657,False,False,NORMAL,3,0,0.33,NORMAL,1.5,-0.050000000000000044,,,-0.694,-0.2065,4.83,False,False,True,False,False,NORMAL,0.12869704236610713,0.09754281459419212,2.82,NORMAL,,,-0.052142488384099184,NORMAL,GREEN
1994-10-31,-0.1,5.8,0.0,283.0,0.03482972136222906,False,False,NORMAL,3,0,0.52,NORMAL,1.4,-0.10000000000000009,,,-0.6,-0.2066,4.31,False,False,True,False,False,NORMAL,0.08547008547008539,0.04166666666666674,2.61,NORMAL,,,-0.10541871921182266,NORMAL,GREEN
1994-11-30,-0.17,5.6,0.0,321.6666666666667,0.015479876160990669,False,False,NORMAL,3,0,0.43,NORMAL,1.3,-0.09999999999999987,,,-0.502,-0.1869,4.31,False,False,True,False,False,NORMAL,-0.012527634487840777,0.09811046511627897,2.19,NORMAL,,,0.026136363636363402,NORMAL,GREEN
1994-12-31,-0.13,5.5,0.0,309.3333333333333,0.0,False,False,NORMAL,3,0,0.59,NORMAL,1.3,-0.010000000000000009,,,-0.405,-0.0241,4.31,False,False,True,False,False,NORMAL,-0.04449007529089666,-0.050880626223091974,2.16,NORMAL,,,-0.03213507625272327,NORMAL,GREEN
1995-01-31,0.0,5.6,0.09999999999999964,349.3333333333333,0.03250773993808043,False,False,NORMAL,3,0,0.42,NORMAL,1.33,0.030000000000000027,,,-0.504,-0.3392,4.32,False,False,True,False,False,NORMAL,-0.07769784172661875,0.10613207547169812,1.6,NORMAL,,,0.017621145374449254,NORMAL,GREEN
1995-02-28,-0.07,5.4,0.0,275.6666666666667,0.045665634674922684,False,False,NORMAL,3,0,0.16,NORMAL,1.53,0.21999999999999997,,,-0.621,-0.2381,4.32,False,False,True,False,False,NORMAL,-0.011820330969267157,-0.015706806282722474,1.28,NORMAL,,,0.025470653377630104,NORMAL,GREEN
1995-03-31,0.03,5.4,0.0,244.66666666666666,0.05340557275541791,False,False,NORMAL,3,1,-0.07,NORMAL,1.49,0.030000000000000027,,,-0.639,-0.4479,4.32,False,False,True,False,False,NORMAL,-0.08643815201192251,-0.20140664961636834,1.32,SEVERE,,,0.07934721440630277,NORMAL,GREEN
1995-04-30,0.07,5.8,0.39999999999999947,187.0,0.09597523219814241,False,False,NORMAL,3,2,-0.29,ELEVATED,1.51,0.030000000000000027,,,-0.672,-0.4229,4.07,False,False,True,False,False,NORMAL,-0.09554597701149425,-0.13515358361774743,1.2,ELEVATED,,,0.10173160173160167,NORMAL,YELLOW
1995-05-31,0.17,5.6,0.1999999999999993,117.33333333333333,0.14628482972136214,False,False,NORMAL,3,1,-0.2,NORMAL,1.66,0.16999999999999993,,,-0.711,-0.3163,4.07,False,False,True,False,False,NORMAL,-0.08954154727793695,-0.13892529488859762,0.49,ELEVATED,,,0.009719222462202914,NORMAL,GREEN
1995-06-30,0.2,5.6,0.1999999999999993,127.66666666666667,0.13390092879256965,False,False,NORMAL,3,0,-0.1,NORMAL,1.74,0.030000000000000027,,,-0.672,-0.2641,4.07,False,False,True,False,False,NORMAL,-0.03831982313927784,-0.09084457061745921,0.61,NORMAL,,,-0.09384775808133472,NORMAL,GREEN
1995-07-31,0.17,5.7,0.2999999999999998,105.33333333333333,0.16253869969040258,False,False,NORMAL,3,0,-0.11,NORMAL,1.72,-0.020000000000000018,,,-0.68,-0.2788,3.82,False,False,True,False,False,NORMAL,0.014232209737827795,0.015288394718554477,0.85,NORMAL,,,-0.13457760314341838,NORMAL,GREEN
1995-08-31,0.13,5.7,0.2999999999999998,200.0,0.10294117647058831,False,False,NORMAL,3,0,0.13,NORMAL,1.73,0.050000000000000044,,,-0.711,-0.2121,3.82,False,False,True,False,False,NORMAL,0.006535947712418277,-0.02344827586206899,0.83,NORMAL,,,-0.04331550802139028,NORMAL,GREEN
1995-09-30,0.13,5.6,0.1999999999999993,194.0,0.1261609907120742,False,False,NORMAL,3,0,0.1,NORMAL,1.71,-0.020000000000000018,,,-0.697,-0.4008,3.82,False,False,True,False,False,NORMAL,0.006373937677053743,-0.07123473541383984,0.77,NORMAL,,,0.009205983889528202,NORMAL,GREEN
1995-10-31,0.07,5.5,0.09999999999999964,214.66666666666666,0.15015479876160986,False,False,NORMAL,3,0,0.2,NORMAL,1.7,0.0,,,-0.714,-0.1336,3.4,False,False,True,False,False,NORMAL,0.0021474588403722628,-0.055862068965517264,0.55,NORMAL,,,0.002837684449489286,NORMAL,GREEN
1995-11-30,0.07,5.6,0.1999999999999993,173.0,0.16718266253869962,True,False,ELEVATED,3,0,-0.04,NORMAL,1.81,0.08000000000000007,,,-0.752,-0.4563,3.4,False,False,True,False,False,NORMAL,0.0671641791044777,-0.039046988749172784,0.28,NORMAL,,,0.02124091671324746,NORMAL,GREEN
1995-12-31,0.07,5.6,0.1999999999999993,150.66666666666666,0.11606456571867785,False,False,NORMAL,3,0,-0.06,NORMAL,1.8,-0.010000000000000009,,,-0.744,-0.0521,3.4,False,False,True,False,False,NORMAL,0.03295128939828085,-0.016494845360824795,0.48,NORMAL,,,0.11402508551881407,NORMAL,GREEN
1996-01-31,0.17,5.6,0.1999999999999993,97.0,0.1333333333333333,False,False,NORMAL,3,0,-0.26,NORMAL,1.82,0.040000000000000036,,,-0.793,-0.3878,3.32,False,False,True,False,False,NORMAL,0.0819032761310452,0.04264392324093813,0.55,NORMAL,,,-0.0011318619128467544,NORMAL,GREEN
1996-02-29,0.13,5.5,0.09999999999999964,191.0,0.11201179071481215,False,False,NORMAL,3,0,-0.02,NORMAL,1.78,-0.040000000000000036,,,-0.82,-0.4473,3.32,False,False,True,False,False,NORMAL,0.13237639553429026,0.13297872340425543,1.11,NORMAL,,,0.07224958949096871,NORMAL,GREEN
1996-03-31,0.1,5.5,0.0,222.33333333333334,0.15254237288135597,False,False,NORMAL,3,1,-0.09,NORMAL,1.78,-0.040000000000000036,,,-0.719,-0.0992,3.32,False,False,True,False,False,NORMAL,0.17210440456769982,0.14011208967173738,1.21,NORMAL,,,0.09672466734902763,NORMAL,GREEN
1996-04-30,-0.03,5.6,0.09999999999999964,280.3333333333333,0.014114326040931546,False,False,NORMAL,3,0,0.34,NORMAL,1.61,-0.19999999999999996,,,-0.685,-0.1948,3.18,False,False,True,False,False,NORMAL,0.1620333598093726,0.1965272296764009,1.52,NORMAL,,,0.18696883852691215,NORMAL,GREEN
1996-05-31,0.03,5.6,0.09999999999999964,253.0,0.0,False,False,NORMAL,3,0,0.23,NORMAL,1.48,-0.10000000000000009,,,-0.716,-0.287,3.18,False,False,True,False,False,NORMAL,0.14634146341463405,0.14459665144596645,1.67,NORMAL,,,0.009188361408882129,NORMAL,GREEN
1996-06-30,-0.07,5.3,0.0,259.3333333333333,0.0,False,False,NORMAL,3,0,0.39,NORMAL,1.51,0.030000000000000027,,,-0.701,-0.0349,3.18,False,False,True,False,False,NORMAL,0.0950191570881227,0.14519906323185006,1.55,NORMAL,,,-0.023798413439103938,NORMAL,GREEN
1996-07-31,0.0,5.5,0.20000000000000018,287.0,0.0,False,False,NORMAL,3,0,0.27,NORMAL,1.5,0.040000000000000036,,,-0.711,-0.0812,3.07,False,False,True,False,False,NORMAL,0.07090103397341219,0.007529089664613187,1.48,NORMAL,,,0.004773269689737569,NORMAL,GREEN
1996-08-31,-0.17,5.1,0.0,233.66666666666666,0.012917933130699,False,False,NORMAL,3,0,0.21,NORMAL,1.48,-0.09000000000000008,,,-0.744,-0.3383,3.07,False,False,True,False,False,NORMAL,0.01948051948051943,0.09957627118644075,1.67,NORMAL,,,0.12291350531107748,NORMAL,GREEN
1996-09-30,-0.03,5.2,0.10000000000000053,210.0,0.041793313069908855,False,False,NORMAL,3,0,0.19,NORMAL,1.5,0.020000000000000018,,,-0.732,-0.0686,3.07,False,False,True,False,False,NORMAL,-0.020408163265306145,0.0774287801314828,1.58,NORMAL,,,0.1567877629063097,NORMAL,GREEN
1996-10-31,-0.07,5.2,0.10000000000000053,215.33333333333334,0.03039513677811545,False,False,NORMAL,3,0,0.19,NORMAL,1.54,0.010000000000000009,,,-0.764,-0.1871,2.84,False,False,False,False,False,NORMAL,-0.030000000000000027,0.016800584368152016,1.2,NORMAL,,,0.17577197149643697,NORMAL,GREEN
1996-11-30,0.1,5.4,0.3000000000000007,249.66666666666666,0.024316109422492405,False,False,NORMAL,3,0,0.28,NORMAL,1.65,0.11999999999999988,,,-0.77,-0.2813,2.84,False,False,False,False,False,NORMAL,-0.012587412587412583,0.025482093663911742,0.93,NORMAL,,,0.06756756756756754,NORMAL,GREEN
1996-12-31,0.07,5.4,0.3000000000000007,247.66666666666666,0.07446808510638303,False,False,NORMAL,3,0,0.2,NORMAL,1.54,-0.10999999999999988,,,-0.706,-0.0903,2.84,False,False,False,False,False,NORMAL,-0.021497919556171974,-0.04262753319357093,1.22,NORMAL,,,0.0702479338842974,NORMAL,GREEN
1997-01-31,0.13,5.3,0.20000000000000018,230.33333333333334,0.03039513677811545,False,False,NORMAL,3,0,0.27,NORMAL,1.5,-0.020000000000000018,,,-0.709,-0.238,2.61,False,False,False,False,False,NORMAL,-0.0036049026676280294,-0.07634628493524198,1.38,NORMAL,,,-0.024242424242424288,NORMAL,GREEN
1997-02-28,0.13,5.2,0.10000000000000053,242.0,0.0,False,False,NORMAL,3,0,0.38,NORMAL,1.49,-0.020000000000000018,,,-0.735,-0.386,2.61,False,False,False,False,False,NORMAL,0.01760563380281699,-0.0033534540576793948,1.34,NORMAL,,,-0.14345991561181426,NORMAL,GREEN
1997-03-31,0.1,5.2,0.10000000000000053,282.6666666666667,0.003933910306844979,False,False,NORMAL,3,0,0.46,NORMAL,1.4,-0.09000000000000008,,,-0.69,-0.3797,2.61,False,False,False,False,False,NORMAL,-0.0006958942240778976,0.0231741573033708,1.57,NORMAL,,,-0.2142857142857142,NORMAL,GREEN
1997-04-30,-0.07,5.1,0.0,311.0,0.029110936270652976,False,False,NORMAL,3,0,0.4,NORMAL,1.5,0.07000000000000006,,,-0.638,-0.231,2.37,False,False,False,False,False,NORMAL,-0.028708133971291905,-0.0158311345646438,1.44,NORMAL,,,-0.16356107660455488,NORMAL,GREEN
1997-05-31,-0.17,4.9,0.0,295.6666666666667,0.00472069236821393,False,False,NORMAL,3,0,0.2,NORMAL,1.51,-0.010000000000000009,,,-0.628,-0.2248,2.37,False,False,False,False,False,NORMAL,-0.029512697323267,-0.04122340425531912,1.71,NORMAL,,,0.034482758620689724,NORMAL,GREEN
1997-06-30,-0.07,5.0,0.09999999999999964,275.0,0.024390243902439046,False,False,NORMAL,3,0,0.23,NORMAL,1.5,0.0,,,-0.64,-0.0933,2.37,False,False,False,False,False,NORMAL,-0.01889433170048982,0.018404907975460016,1.26,NORMAL,,,-0.04570024570024567,NORMAL,GREEN
1997-07-31,-0.03,4.9,0.0,275.0,0.007867820613689958,False,False,NORMAL,3,0,0.42,NORMAL,1.54,0.020000000000000018,,,-0.656,-0.3057,2.25,False,False,False,False,False,NORMAL,-0.006896551724137945,-0.02377717391304346,0.77,NORMAL,,,0.011386138613861396,NORMAL,GREEN
1997-08-31,0.03,4.8,0.0,175.66666666666666,0.06055776892430287,False,False,NORMAL,3,0,0.44,NORMAL,1.44,-0.050000000000000044,,,-0.647,-0.2369,2.25,False,False,False,False,False,NORMAL,0.02547770700636942,-0.10725754656390496,1.1,ELEVATED,,,-0.06380952380952376,NORMAL,GREEN
1997-09-30,0.0,4.9,0.10000000000000053,253.0,0.004780876494023811,False,False,NORMAL,3,0,0.52,NORMAL,1.54,0.08000000000000007,,,-0.613,-0.127,2.25,False,False,False,False,False,NORMAL,0.07327586206896552,0.04813559322033889,1.06,NORMAL,,,0.0880535530381048,NORMAL,GREEN
1997-10-31,-0.03,4.7,0.0,270.0,0.0,False,False,NORMAL,3,0,0.46,NORMAL,1.6,0.030000000000000027,,,-0.511,0.6591,2.21,True,False,False,False,False,ELEVATED,0.10382916053019153,0.09195402298850586,0.63,NORMAL,,,0.04062652961331392,NORMAL,GREEN
1997-11-30,-0.1,4.6,0.0,379.3333333333333,0.016129032258064502,False,False,NORMAL,3,0,0.56,NORMAL,1.52,-0.07000000000000006,,,-0.473,-0.1154,2.21,False,False,False,False,False,NORMAL,0.040368271954674295,0.01410342511752849,0.64,NORMAL,,,-0.01576805696846384,NORMAL,GREEN
1997-12-31,-0.07,4.7,0.10000000000000053,324.6666666666667,0.010483870967741948,False,False,NORMAL,3,0,0.37,NORMAL,1.53,0.040000000000000036,,,-0.513,0.1222,2.21,True,False,False,False,False,ELEVATED,0.03189227498228209,0.1430656934306569,0.39,NORMAL,,,-0.1646947468054899,NORMAL,GREEN
1998-01-31,-0.03,4.6,0.0,294.0,0.04354838709677411,False,False,NORMAL,3,0,0.32,NORMAL,1.68,0.1499999999999999,,,-0.598,-0.2234,2.12,False,False,False,False,False,NORMAL,0.12518089725036186,0.1254612546125462,0.34,NORMAL,,,-0.19049858889934146,NORMAL,GREEN
1998-02-28,0.0,4.6,0.0,264.0,0.029032258064516148,False,False,NORMAL,3,0,0.23,NORMAL,1.67,0.0,,,-0.637,-0.4675,2.12,False,False,False,False,False,NORMAL,0.13979238754325252,0.06594885598923295,0.3,NORMAL,,,-0.20206718346253238,NORMAL,GREEN
1998-03-31,0.0,4.7,0.10000000000000053,205.33333333333334,0.016129032258064502,False,False,NORMAL,3,0,0.21,NORMAL,1.67,0.030000000000000027,,,-0.625,-0.3303,2.12,False,False,False,False,False,NORMAL,0.11768802228412256,0.07549759780370624,0.51,NORMAL,,,-0.10764872521246449,NORMAL,GREEN
1998-04-30,-0.13,4.3,0.0,213.0,0.003225806451612856,False,False,NORMAL,3,0,0.19,NORMAL,1.66,-0.040000000000000036,,,-0.603,-0.2047,2.02,False,False,False,False,False,NORMAL,0.08866995073891615,0.03217158176943702,0.68,NORMAL,,,-0.09587449157466588,NORMAL,GREEN
1998-05-31,-0.1,4.4,0.10000000000000053,276.0,0.014586709886547755,False,False,NORMAL,3,0,0.17,NORMAL,1.63,-0.030000000000000027,,,-0.57,-0.1549,2.02,False,False,False,False,False,NORMAL,0.0990099009900991,0.06518723994452147,0.53,NORMAL,,,-0.01489637305699476,NORMAL,GREEN
1998-06-30,-0.07,4.5,0.20000000000000018,303.6666666666667,0.09562398703403563,False,False,NORMAL,3,0,0.02,NORMAL,1.67,0.040000000000000036,,,-0.555,-0.1805,2.02,False,False,False,False,False,NORMAL,0.10627674750356642,0.09839357429718865,0.34,NORMAL,,,-0.09206349206349207,NORMAL,GREEN
1998-07-31,0.07,4.5,0.20000000000000018,255.66666666666666,0.0794165316045381,False,False,NORMAL,3,2,-0.21,ELEVATED,1.71,0.040000000000000036,,,-0.51,-0.1059,1.95,False,False,False,False,False,NORMAL,0.11805555555555558,0.18162839248434248,0.4,NORMAL,,,-0.08419023136246795,NORMAL,GREEN
1998-08-31,0.13,4.5,0.20000000000000018,233.66666666666666,0.0016207455429497752,False,False,NORMAL,3,0,0.05,NORMAL,2.06,0.3600000000000001,,,-0.314,0.888,1.95,True,False,False,False,False,ELEVATED,0.14147688060731545,0.16115107913669058,0.09,NORMAL,,,-0.1262327416173571,NORMAL,GREEN
1998-09-30,0.17,4.6,0.2999999999999998,222.66666666666666,0.0,False,False,NORMAL,3,0,0.2,NORMAL,2.57,0.48,,,-0.069,0.6625,1.95,True,False,False,False,False,ELEVATED,0.05555555555555558,0.023285899094437346,0.07,NORMAL,,,0.13216783216783212,NORMAL,GREEN
1998-10-31,0.2,4.5,0.20000000000000018,245.66666666666666,0.03817427385892125,False,False,NORMAL,3,0,0.45,NORMAL,2.65,0.029999999999999805,,,-0.005,0.7696,1.99,True,False,False,False,False,ELEVATED,0.14676450967311538,0.12828947368421062,0.31,NORMAL,,,0.01614035087719312,NORMAL,GREEN
1998-11-30,0.17,4.4,0.10000000000000053,225.33333333333334,0.0489626556016598,False,False,NORMAL,3,0,0.11,NORMAL,2.45,-0.23999999999999977,,,-0.113,-0.0226,1.99,False,False,False,False,False,NORMAL,0.13818924438393454,0.09933774834437092,0.17,NORMAL,,,-0.1444695259593679,NORMAL,GREEN
1998-12-31,0.0,4.4,0.10000000000000053,283.6666666666667,0.0489626556016598,False,False,NORMAL,3,0,0.2,NORMAL,2.58,0.010000000000000231,,,-0.189,0.1844,1.99,True,False,False,False,False,ELEVATED,0.1964285714285714,0.14431673052362703,0.17,NORMAL,,,-0.2501544163063619,NORMAL,GREEN
1999-01-31,-0.07,4.3,0.0,250.0,0.07883817427385886,False,False,NORMAL,3,0,0.14,NORMAL,2.55,-0.06000000000000005,,,-0.272,0.2718,1.87,True,False,False,False,False,ELEVATED,0.11382636655948564,0.14622950819672131,0.18,NORMAL,,,-0.11533149171270718,NORMAL,GREEN
1999-02-28,0.0,4.4,0.10000000000000053,298.3333333333333,0.0008298755186721962,False,False,NORMAL,3,0,0.3,NORMAL,2.24,-0.31999999999999984,,,-0.352,0.0601,1.87,True,False,False,False,False,ELEVATED,0.04432301153612639,0.05429292929292928,0.63,NORMAL,,,0.08267370272647323,NORMAL,GREEN
1999-03-31,-0.03,4.2,0.0,213.0,0.004979253112033177,False,False,NORMAL,3,0,0.19,NORMAL,2.31,0.06999999999999984,,,-0.403,0.1535,1.87,True,False,False,False,False,ELEVATED,0.03738317757009346,0.09125717932354815,0.76,NORMAL,,,0.25041186161449747,ELEVATED,YELLOW
1999-04-30,0.0,4.3,0.09999999999999964,298.6666666666667,0.02406639004149369,False,False,NORMAL,3,0,0.15,NORMAL,2.22,-0.10999999999999988,,,-0.424,-0.0761,1.82,False,False,False,False,False,NORMAL,0.034259857789269654,0.008441558441558472,0.81,NORMAL,,,0.459016393442623,ELEVATED,GREEN
1999-05-31,-0.07,4.2,0.0,232.0,0.011686143572620988,False,False,NORMAL,3,0,0.16,NORMAL,2.18,-0.040000000000000036,,,-0.4,0.3106,1.82,True,False,False,False,False,ELEVATED,0.05534105534105538,0.048828125,0.98,NORMAL,,,0.4069861900893581,ELEVATED,YELLOW
1999-06-30,0.03,4.3,0.09999999999999964,283.3333333333333,0.0,False,False,NORMAL,3,0,0.16,NORMAL,2.18,0.08000000000000007,,,-0.33,0.0557,1.82,True,False,False,False,False,ELEVATED,0.09735654416505479,-0.0499695307739183,1.03,NORMAL,,,0.2733860342555994,ELEVATED,YELLOW
1999-07-31,0.03,4.3,0.09999999999999964,275.6666666666667,0.03886010362694292,False,False,NORMAL,3,0,0.22,NORMAL,2.19,0.06000000000000005,,,-0.21,0.253,1.56,True,False,False,False,False,ELEVATED,0.044720496894409933,-0.0170789163722026,1.17,NORMAL,,,0.09791332263242358,NORMAL,GREEN
1999-08-31,0.03,4.2,0.0,253.0,0.0043177892918826455,False,False,NORMAL,3,0,0.15,NORMAL,2.23,0.040000000000000036,,,-0.148,0.1208,1.56,True,False,False,False,False,ELEVATED,0.010278113663845234,0.02106567534076831,1.0,NORMAL,,,0.1928406466512702,NORMAL,GREEN
1999-09-30,0.0,4.2,0.0,229.0,0.014010507880910739,False,False,NORMAL,3,0,0.11,NORMAL,2.3,0.06999999999999984,,,-0.1,0.3923,1.56,True,False,False,False,False,ELEVATED,-0.016487000634115456,0.03350189633375478,1.02,NORMAL,,,0.2695292291774445,ELEVATED,YELLOW
1999-10-31,-0.07,4.1,0.0,252.0,0.0008756567425569628,False,False,NORMAL,3,0,0.3,NORMAL,2.28,-0.020000000000000018,,,-0.11,0.1887,1.45,True,False,False,False,False,ELEVATED,-0.04072134962187324,-0.06239067055393588,0.9,NORMAL,,,0.06189083820662766,NORMAL,GREEN
1999-11-30,-0.03,4.1,0.0,298.0,0.002669039145907437,False,False,NORMAL,3,0,0.31,NORMAL,1.99,-0.2899999999999998,,,-0.166,0.0507,1.45,True,False,False,False,False,ELEVATED,0.0,-0.0072289156626506035,0.88,NORMAL,,,0.20377541142303968,NORMAL,GREEN
1999-12-31,-0.03,4.0,0.0,337.3333333333333,0.0,False,False,NORMAL,3,0,0.57,NORMAL,1.73,-0.21999999999999997,,,-0.171,0.2771,1.45,True,False,False,False,False,ELEVATED,-0.03386911595866815,-0.046875,1.12,NORMAL,,,0.04971475142624304,NORMAL,GREEN
2000-01-31,-0.03,4.0,0.0,277.6666666666667,0.038634321653189474,False,False,NORMAL,3,0,0.37,NORMAL,1.68,-0.050000000000000044,,,-0.21,0.0774,1.5,True,False,False,False,False,ELEVATED,-0.0028868360277136684,-0.06407322654462244,0.92,NORMAL,,,0.2689307021569527,ELEVATED,YELLOW
2000-02-29,0.0,4.1,0.09999999999999964,218.0,0.05570530098831994,False,False,NORMAL,3,1,0.18,NORMAL,1.91,0.22999999999999998,,,-0.189,0.2701,1.5,True,False,False,False,False,ELEVATED,-0.016279069767441867,0.04011976047904198,0.64,NORMAL,,,0.2291917973462001,NORMAL,GREEN
2000-03-31,0.0,4.0,0.0,273.6666666666667,0.0,False,False,NORMAL,3,0,0.12,NORMAL,2.3,0.3699999999999999,,,-0.087,0.2292,1.5,True,False,False,False,False,ELEVATED,-0.008408408408408397,-0.06198830409356726,0.15,NORMAL,,,0.03532608695652173,NORMAL,GREEN
2000-04-30,-0.03,3.8,0.0,291.0,0.025352112676056304,False,False,NORMAL,3,0,0.21,NORMAL,2.34,0.040000000000000036,,,-0.031,0.3003,1.43,True,False,False,False,False,ELEVATED,-0.00187499999999996,0.0470057952350289,0.41,NORMAL,,,-0.07016274864376126,NORMAL,GREEN
2000-05-31,0.0,4.0,0.20000000000000018,328.3333333333333,0.06009389671361509,False,False,NORMAL,3,0,0.17,NORMAL,2.52,0.20000000000000018,,,0.025,0.5903,1.43,True,False,False,False,False,ELEVATED,-0.05914634146341469,-0.022346368715083775,0.66,NORMAL,,,-0.0503761858030749,NORMAL,GREEN
2000-06-30,-0.03,4.0,0.20000000000000018,153.0,0.09295774647887334,False,False,NORMAL,3,0,0.06,NORMAL,2.4,-0.10000000000000009,,,-0.001,0.3715,1.43,True,False,False,False,False,ELEVATED,-0.07638072855464162,0.0,0.15,NORMAL,,,0.2163479565054367,NORMAL,GREEN
2000-07-31,0.03,4.0,0.20000000000000018,114.66666666666667,0.12112676056338034,False,False,NORMAL,3,1,-0.17,NORMAL,2.27,-0.1299999999999999,,,-0.115,0.1327,1.47,True,False,False,False,False,ELEVATED,-0.08323424494649223,-0.12342720191731571,-0.23,ELEVATED,,,0.09762738234150126,NORMAL,YELLOW
2000-08-31,0.03,4.1,0.2999999999999998,43.0,0.17464788732394365,False,False,ELEVATED,3,1,-0.18,NORMAL,2.51,0.19999999999999973,,,-0.197,0.0253,1.47,True,False,False,False,False,ELEVATED,-0.07121484141232792,-0.06492718446601942,-0.58,NORMAL,,,0.13985532208060625,NORMAL,ORANGE
2000-09-30,0.0,3.9,0.10000000000000009,91.33333333333333,0.12676056338028174,False,False,NORMAL,3,1,-0.1,NORMAL,2.54,0.03000000000000025,,,-0.196,0.1362,1.47,True,False,False,False,False,ELEVATED,0.012250161186331487,-0.07828746177370027,-0.43,ELEVATED,,,-0.04839704069050543,NORMAL,YELLOW
2000-10-31,-0.03,3.9,0.10000000000000009,41.333333333333336,0.1305164319248826,False,False,ELEVATED,3,1,-0.17,NORMAL,2.56,-0.020000000000000018,,,-0.167,0.3209,1.51,True,False,False,False,False,ELEVATED,-0.043662825955124274,-0.0366915422885572,-0.61,ELEVATED,,,0.1587526576895819,NORMAL,ORANGE
2000-11-30,-0.03,3.9,0.10000000000000009,107.33333333333333,0.2553990610328638,True,False,ELEVATED,3,1,-0.17,NORMAL,2.64,0.07000000000000028,,,-0.105,0.5536,1.51,True,False,False,False,False,ELEVATED,-0.03468899521531099,-0.05885922330097082,-0.73,ELEVATED,,,0.015714717437292025,NORMAL,ORANGE
2000-12-31,0.03,3.9,0.10000000000000009,126.33333333333333,0.3070422535211268,True,True,ELEVATED,3,2,-0.38,ELEVATED,2.88,0.23999999999999977,,,-0.089,0.7101,1.51,True,False,False,False,False,ELEVATED,-0.083184789067142,-0.10304449648711944,-0.77,ELEVATED,,,-0.13443472627146102,NORMAL,ORANGE
2001-01-31,0.13,4.2,0.40000000000000036,117.0,0.27699530516431925,True,True,ELEVATED,3,2,-0.43,ELEVATED,2.62,-0.3700000000000001,,,-0.223,0.2704,1.6,True,False,False,False,False,ELEVATED,-0.01621308627678053,-0.022004889975550168,0.2,NORMAL,,,-0.12477064220183487,NORMAL,ORANGE
2001-02-28,0.2,4.2,0.40000000000000036,77.33333333333333,0.3943661971830985,True,True,ELEVATED,3,1,-0.5,ELEVATED,2.88,0.22999999999999998,,,-0.276,0.6675,1.6,True,False,False,False,False,ELEVATED,-0.021276595744680882,-0.0644789867587795,0.07,NORMAL,,,-0.186254091044332,NORMAL,ORANGE
2001-03-31,0.3,4.3,0.5,11.666666666666666,0.4572769953051643,True,True,ELEVATED,3,2,-0.64,ELEVATED,3.04,0.16999999999999993,,,-0.252,0.5423,1.6,True,False,False,False,False,ELEVATED,0.0048455481526348265,-0.00872817955112215,0.63,NORMAL,,,-0.013098802395209552,NORMAL,ORANGE
2001-04-30,0.4,4.4,0.5000000000000004,-81.66666666666667,0.4207699194270367,True,True,SEVERE,3,2,-0.72,SEVERE,2.73,-0.31000000000000005,,,-0.332,0.7794,1.72,True,False,False,False,False,ELEVATED,0.04320601127113344,0.014145141451414434,1.4,NORMAL,,,-0.004891684136967167,NORMAL,RED
2001-05-31,0.47,4.3,0.3999999999999999,-126.66666666666667,0.4014209591474245,True,True,SEVERE,3,3,-0.67,SEVERE,2.65,-0.050000000000000266,,,-0.42,0.3761,1.72,True,False,False,False,False,ELEVATED,0.0790667530784186,0.01904761904761898,1.8,NORMAL,,,0.03802559414990858,NORMAL,RED
2001-06-30,0.53,4.5,0.6000000000000001,-150.33333333333334,0.3573883161512028,True,True,SEVERE,3,3,-0.75,SEVERE,2.65,0.020000000000000018,,,-0.457,0.3202,1.72,True,False,False,False,False,ELEVATED,0.03435114503816794,0.049390635022450224,1.77,NORMAL,,,0.0,NORMAL,RED
2001-07-31,0.53,4.6,0.6999999999999997,-95.33333333333333,0.34006734006733996,True,True,SEVERE,3,3,-0.62,SEVERE,2.78,0.10999999999999988,,,-0.496,0.3369,1.92,True,False,False,False,False,ELEVATED,0.03631647211413758,0.14149008885851,1.53,NORMAL,,,-0.0625,NORMAL,RED
2001-08-31,0.7,4.9,1.0000000000000004,-129.0,0.34006734006733996,True,True,SEVERE,3,3,-0.63,SEVERE,2.9,0.17999999999999972,,,-0.428,0.4105,1.92,True,False,False,False,False,ELEVATED,0.04059278350515472,0.016872160934458202,1.48,NORMAL,,,-0.061289186333216006,NORMAL,RED
2001-09-30,0.83,5.0,1.1,-179.0,0.49242424242424243,True,True,SEVERE,3,3,-0.69,SEVERE,3.42,0.46999999999999975,,,-0.335,0.7583,1.92,True,False,False,False,False,ELEVATED,-0.0031847133757961776,0.03649635036496357,2.2,NORMAL,,,-0.11111111111111105,NORMAL,RED
2001-10-31,1.13,5.3,1.4,-240.0,0.568515497553018,True,True,SEVERE,3,2,-0.58,ELEVATED,3.38,-0.040000000000000036,,,-0.379,0.7608,1.93,True,False,False,False,False,ELEVATED,-0.0069752694990488084,-0.005810200129115595,2.25,NORMAL,,,-0.20599250936329594,NORMAL,ORANGE
2001-11-30,1.4,5.5,1.6,-292.3333333333333,0.33184523809523814,True,True,SEVERE,3,2,-0.71,SEVERE,3.1,-0.2799999999999998,,,-0.371,0.7043,1.93,True,False,False,False,False,ELEVATED,0.022924411400247813,0.03288201160541582,3.0,NORMAL,,,-0.2697936210131331,NORMAL,RED
2001-12-31,1.63,5.7,1.5,-260.0,0.19837157660991855,True,False,SEVERE,3,2,-0.44,ELEVATED,2.85,-0.21999999999999975,,,-0.367,0.609,1.93,True,False,False,False,False,ELEVATED,0.08878807517822418,0.023498694516971286,3.33,NORMAL,,,-0.14846416382252559,NORMAL,ORANGE
2002-01-31,1.6,5.7,1.5,-197.66666666666666,0.16797712651894203,True,False,SEVERE,3,1,-0.39,ELEVATED,2.85,0.03000000000000025,,,-0.459,0.3697,1.78,True,False,False,False,False,ELEVATED,-0.020011771630370823,0.06125000000000003,3.31,NORMAL,,,-0.07028301886792443,NORMAL,ORANGE
2002-02-28,1.5,5.7,1.4000000000000004,-135.66666666666666,0.06898861352980568,False,False,SEVERE,3,0,-0.15,NORMAL,2.98,0.08999999999999986,,,-0.489,0.5636,1.78,True,False,False,False,False,ELEVATED,0.07910628019323673,0.1255384615384616,3.09,NORMAL,,,0.11921891058581702,NORMAL,ORANGE
2002-03-31,1.37,5.7,1.4000000000000004,-87.0,0.0892049127343244,False,False,SEVERE,3,1,-0.06,NORMAL,2.81,-0.16999999999999993,,,-0.5,0.3572,1.78,True,False,False,False,False,ELEVATED,0.019288728149487566,0.03270440251572326,3.63,NORMAL,,,0.31312625250501,ELEVATED,ORANGE
2002-04-30,1.4,5.9,1.6000000000000005,-81.0,0.09363057324840773,False,False,SEVERE,3,1,0.01,NORMAL,2.84,0.029999999999999805,,,-0.577,0.3953,1.76,True,False,False,False,False,ELEVATED,0.0018007202881151763,-0.03456640388114007,3.34,NORMAL,,,0.38609842719431753,ELEVATED,ORANGE
2002-05-31,1.43,5.8,1.2999999999999998,-35.0,0.042038216560509545,False,False,SEVERE,3,0,0.07,NORMAL,2.98,0.14000000000000012,,,-0.621,0.3584,1.76,True,False,False,False,False,ELEVATED,0.03063063063063054,0.09906542056074774,3.34,NORMAL,,,0.1648301193755739,NORMAL,ORANGE
2002-06-30,1.4,5.8,1.2000000000000002,-16.0,0.005161290322580614,False,False,SEVERE,3,0,0.17,NORMAL,3.13,0.1499999999999999,,,-0.535,0.9998,1.76,True,False,False,False,False,ELEVATED,0.08118081180811809,0.04951100244498785,3.16,NORMAL,,,0.022128958412819477,NORMAL,ORANGE
2002-07-31,1.33,5.8,0.8999999999999995,-10.666666666666666,0.0025974025974024872,False,False,SEVERE,3,0,0.03,NORMAL,3.25,0.06999999999999984,,,-0.436,1.535,1.69,True,True,False,False,False,SEVERE,0.08760951188986232,-0.008982035928143728,2.8,NORMAL,,,-0.010980966325036645,NORMAL,ORANGE
2002-08-31,1.13,5.7,0.7000000000000002,-17.0,0.025974025974025983,False,False,SEVERE,3,1,-0.01,NORMAL,3.32,-0.020000000000000018,,,-0.386,0.8587,1.69,True,False,False,False,False,ELEVATED,0.049535603715170184,0.04211869814933,2.45,NORMAL,,,0.1418998817500985,NORMAL,ORANGE
2002-09-30,0.9,5.7,0.40000000000000036,-57.333333333333336,0.06363636363636371,False,False,SEVERE,3,3,-0.22,SEVERE,3.76,0.43999999999999995,,,-0.351,1.454,1.69,True,True,False,False,False,SEVERE,0.15207667731629404,0.15492957746478875,2.06,NORMAL,,,0.14184397163120566,NORMAL,RED
2002-10-31,0.57,5.7,0.20000000000000018,11.0,0.05844155844155852,False,False,SEVERE,3,2,-0.25,ELEVATED,3.82,0.08999999999999986,,,-0.383,1.0054,1.61,True,True,False,False,False,SEVERE,0.14878671775223506,0.07012987012987004,2.49,NORMAL,,,0.005921539600296066,NORMAL,RED
2002-11-30,0.43,5.9,0.20000000000000018,11.666666666666666,0.010389610389610393,False,False,ELEVATED,3,1,-0.18,NORMAL,3.38,-0.4500000000000002,,,-0.451,0.6902,1.61,True,False,False,False,False,ELEVATED,0.07268322228952151,0.09425717852684135,3.0,NORMAL,,,-0.07248878149810145,NORMAL,ORANGE
2002-12-31,0.3,6.0,0.2999999999999998,-12.333333333333334,0.07597402597402603,False,False,ELEVATED,3,2,-0.27,ELEVATED,3.48,0.10999999999999988,,,-0.468,0.9191,1.61,True,False,False,False,False,ELEVATED,0.12857142857142856,0.14030612244897966,2.61,NORMAL,,,0.02026806145799287,NORMAL,ORANGE
2003-01-31,0.23,5.8,0.09999999999999964,-14.666666666666666,0.025974025974025983,False,False,ELEVATED,3,0,-0.02,NORMAL,3.16,-0.20999999999999996,,,-0.521,0.9339,1.67,True,False,False,False,False,ELEVATED,0.08588588588588597,0.091283863368669,2.82,NORMAL,-0.2400000000000002,0.17000000000000015,0.23289183222958054,NORMAL,ORANGE
2003-02-28,0.2,5.9,0.20000000000000018,-58.333333333333336,0.06753246753246755,False,False,ELEVATED,3,2,-0.22,ELEVATED,3.21,0.020000000000000018,,,-0.535,0.6843,1.67,True,False,False,False,False,ELEVATED,0.03749300503637376,-0.10934937124111532,2.51,ELEVATED,-0.43000000000000016,0.1399999999999999,0.3680684778563452,ELEVATED,ORANGE
2003-03-31,0.13,5.9,0.20000000000000018,-76.66666666666667,0.1045454545454545,False,False,ELEVATED,3,1,-0.08,NORMAL,3.04,-0.18999999999999995,,,-0.585,0.6656,1.67,True,False,False,False,False,ELEVATED,0.03903015966883494,0.05115712545675999,2.69,NORMAL,0.2599999999999998,-0.10999999999999988,-0.002242870874719638,NORMAL,ORANGE
2003-04-30,0.13,6.0,0.2999999999999998,-133.33333333333334,0.1331168831168832,False,False,ELEVATED,3,2,-0.43,ELEVATED,2.76,-0.26000000000000023,,,-0.68,0.2619,1.61,True,False,False,False,False,ELEVATED,0.08028759736369073,0.03203517587939708,2.76,NORMAL,0.14000000000000012,-0.09000000000000008,-0.24440465532676803,NORMAL,ORANGE
2003-05-31,0.2,6.1,0.39999999999999947,-81.33333333333333,0.09870129870129873,False,False,ELEVATED,3,1,-0.27,NORMAL,2.85,0.08000000000000007,,,-0.709,0.411,1.61,True,False,False,False,False,ELEVATED,0.0693473193473193,-0.007369614512471645,2.26,NORMAL,-0.3599999999999999,-0.1499999999999999,-0.20701849836779107,NORMAL,ORANGE
2003-06-30,0.4,6.3,0.5999999999999996,-16.333333333333332,0.09545454545454546,False,False,ELEVATED,3,1,-0.16,NORMAL,2.81,-0.040000000000000036,,,-0.71,0.4514,1.61,True,False,False,False,False,ELEVATED,0.06655290102389078,0.08736167734420497,2.64,NORMAL,0.06999999999999984,0.039999999999999813,-0.031791907514450934,NORMAL,ORANGE
2003-07-31,0.47,6.2,0.5,3.6666666666666665,0.0681375730045426,False,False,ELEVATED,3,0,0.08,NORMAL,2.58,-0.16999999999999993,,,-0.708,0.1358,1.48,True,False,False,False,False,ELEVATED,0.08457997698504038,0.1462235649546828,3.53,NORMAL,0.4500000000000002,0.48,0.19312796208530814,ELEVATED,ORANGE
2003-08-31,0.47,6.1,0.39999999999999947,-14.666666666666666,0.028277634961439535,False,False,ELEVATED,3,0,0.03,NORMAL,2.46,-0.10999999999999988,,,-0.666,0.0808,1.48,True,False,False,False,False,ELEVATED,0.15988200589970503,0.12247397428046547,3.47,NORMAL,-0.10999999999999988,0.1200000000000001,0.08953687821612366,NORMAL,ORANGE
2003-09-30,0.37,6.1,0.39999999999999947,22.0,0.016709511568123503,False,False,ELEVATED,3,0,0.1,NORMAL,2.57,0.17999999999999972,,,-0.678,0.0369,1.48,True,False,False,False,False,ELEVATED,0.08763172490293947,0.07483370288248348,3.01,NORMAL,-0.4800000000000002,-0.17000000000000037,-0.05970149253731338,NORMAL,ORANGE
2003-10-31,0.3,6.0,0.20000000000000018,85.0,0.0,False,False,ELEVATED,3,0,0.11,NORMAL,2.36,-0.18000000000000016,,,-0.712,-0.2272,1.4,False,False,False,False,False,NORMAL,0.11839911061700947,0.19356796116504849,3.37,NORMAL,-0.07999999999999985,0.3799999999999999,-0.03210857332009276,ELEVATED,YELLOW
2003-11-30,0.23,5.8,0.0,109.0,0.0,False,False,NORMAL,3,0,0.32,NORMAL,2.33,-0.06000000000000005,,,-0.712,-0.3492,1.4,False,False,False,False,False,NORMAL,0.08300395256916993,0.18824871648602404,3.41,NORMAL,0.04999999999999982,-0.020000000000000018,-0.04502518891687668,NORMAL,GREEN
2003-12-31,0.03,5.7,0.0,112.33333333333333,0.0,False,False,NORMAL,3,0,0.22,NORMAL,2.34,0.040000000000000036,,,-0.72,-0.223,1.4,False,False,False,False,False,NORMAL,0.04799578059071741,0.15044742729306493,3.32,NORMAL,-0.04999999999999982,-0.06000000000000005,0.16437389770723088,NORMAL,GREEN
2004-01-31,-0.1,5.7,0.0,105.66666666666667,0.0226468506723283,False,False,NORMAL,3,1,0.19,NORMAL,2.19,-0.1499999999999999,,,-0.783,-0.3782,1.25,False,False,False,False,False,NORMAL,0.07964601769911495,0.03130059363194815,3.24,NORMAL,-0.1499999999999999,0.040000000000000036,0.15013679890560883,NORMAL,GREEN
2004-02-29,-0.1,5.6,0.0,113.66666666666667,0.02123142250530785,False,False,NORMAL,3,2,0.18,ELEVATED,2.21,0.020000000000000018,,,-0.811,-0.4953,1.25,False,False,False,False,False,NORMAL,0.06040992448759441,0.13321055862492326,3.03,NORMAL,-0.2999999999999998,0.06999999999999984,0.18958127266732605,NORMAL,GREEN
2004-03-31,0.0,5.8,0.20000000000000018,183.66666666666666,0.0,False,False,NORMAL,3,0,0.35,NORMAL,2.29,0.10999999999999988,,,-0.8,-0.2995,1.25,False,False,False,False,False,NORMAL,0.17586795674445077,0.15758980301274628,2.91,NORMAL,-0.1100000000000001,-0.10000000000000009,0.09512269009391106,NORMAL,GREEN
2004-04-30,0.0,5.6,0.0,218.66666666666666,0.025018395879323085,False,False,NORMAL,3,0,0.36,NORMAL,2.05,-0.2200000000000002,,,-0.738,-0.3926,1.26,False,False,False,False,False,NORMAL,0.1480865224625625,0.21911138161898958,3.55,NORMAL,0.6299999999999999,-0.010000000000000231,0.11507582515611059,ELEVATED,GREEN
2004-05-31,0.0,5.6,0.0,292.0,0.011931394481730084,False,False,NORMAL,3,0,0.4,NORMAL,2.03,-0.020000000000000018,,,-0.693,-0.5714,1.26,False,False,False,False,False,NORMAL,0.17166212534059944,0.13135351227869796,3.58,NORMAL,-0.10999999999999988,0.2400000000000002,0.10587583148558766,NORMAL,GREEN
2004-06-30,-0.03,5.6,0.0,218.0,0.04101416853094708,False,False,NORMAL,3,1,0.12,NORMAL,2.09,0.040000000000000036,,,-0.684,-0.5291,1.26,False,False,False,False,False,NORMAL,0.07733333333333325,-0.020889126941617597,3.29,NORMAL,0.13000000000000012,-0.2200000000000002,0.021300138312586592,NORMAL,GREEN
2004-07-31,-0.03,5.5,0.0,147.33333333333334,0.03579418344519025,False,False,NORMAL,3,0,0.25,NORMAL,2.1,-0.020000000000000018,,,-0.693,-0.5285,1.19,False,False,False,False,False,NORMAL,0.12042440318302394,0.05535055350553497,3.05,NORMAL,-0.03000000000000025,-0.03999999999999959,0.1658666666666666,NORMAL,GREEN
2004-08-31,-0.07,5.4,0.0,80.66666666666667,0.01640566741237892,False,False,NORMAL,3,0,0.17,NORMAL,2.19,0.04999999999999982,,,-0.699,-0.6224,1.19,False,False,False,False,False,NORMAL,0.04577822990844349,0.1042007637752318,2.54,NORMAL,-0.19999999999999996,-0.1200000000000001,0.058395989974937335,NORMAL,GREEN
2004-09-30,-0.07,5.4,0.0,98.33333333333333,0.005965697240865042,False,False,NORMAL,3,0,0.32,NORMAL,2.11,-0.0900000000000003,,,-0.697,-0.6265,1.19,False,False,False,False,False,NORMAL,0.040795512493625674,-0.01753481175863847,2.43,NORMAL,0.0,0.010000000000000231,0.3423618634886241,ELEVATED,GREEN
2004-10-31,0.0,5.5,0.09999999999999964,191.66666666666666,0.0,False,False,NORMAL,3,0,0.3,NORMAL,2.09,-0.020000000000000018,,,-0.704,-0.6601,1.1,False,False,False,False,False,NORMAL,0.04224652087475156,0.053380782918149405,2.14,NORMAL,-0.14000000000000012,0.04999999999999982,0.18435498627630387,NORMAL,GREEN
2004-11-30,0.0,5.4,0.0,188.0,0.0022865853658535773,False,False,NORMAL,3,1,0.22,NORMAL,1.95,-0.1399999999999999,,,-0.714,-0.8254,1.1,False,False,False,False,False,NORMAL,0.08394160583941601,-0.14450312049927994,2.13,ELEVATED,0.1200000000000001,0.18999999999999995,0.1641013497513617,NORMAL,GREEN
2004-12-31,0.0,5.4,0.0,180.33333333333334,0.0,False,False,NORMAL,3,0,0.44,NORMAL,1.86,-0.07999999999999985,,,-0.695,-0.832,1.1,False,False,False,False,False,NORMAL,0.047810770005032754,-0.007292173067574126,2.02,NORMAL,-0.15000000000000013,-0.009999999999999787,-0.1251008878127523,NORMAL,GREEN
2005-01-31,-0.1,5.3,0.0,117.33333333333333,0.04611837048424294,False,False,NORMAL,3,1,0.36,NORMAL,1.75,-0.1100000000000001,,,-0.701,-0.7789,1.12,False,False,False,False,False,NORMAL,0.09579918032786883,0.12192569335426473,1.63,NORMAL,-0.030000000000000027,-0.06999999999999984,-0.06817303978370026,NORMAL,GREEN
2005-02-28,0.0,5.4,0.10000000000000053,177.0,0.0,False,False,NORMAL,3,0,0.48,NORMAL,1.59,-0.15999999999999992,,,-0.708,-0.9584,1.12,False,False,False,False,False,NORMAL,0.07527975584944047,0.19555796316359686,1.6,NORMAL,0.050000000000000044,0.15000000000000036,0.06183889340927595,NORMAL,GREEN
2005-03-31,-0.07,5.2,0.0,174.66666666666666,0.06495589414595027,False,False,NORMAL,3,2,0.11,ELEVATED,1.64,0.039999999999999813,,,-0.664,-0.73,1.12,False,False,False,False,False,NORMAL,-0.0019361084220715918,-0.06706706706706711,1.71,NORMAL,0.10000000000000009,0.020000000000000018,0.27559963099631,ELEVATED,YELLOW
2005-04-30,0.0,5.2,0.0,246.33333333333334,0.027265437048917374,False,False,NORMAL,3,0,0.23,NORMAL,1.76,0.1100000000000001,,,-0.609,-0.7466,1.05,False,False,False,False,False,NORMAL,0.03864734299516903,0.02895656515227163,1.31,NORMAL,-0.15999999999999992,-0.08999999999999986,0.01968911917098448,NORMAL,GREEN
2005-05-31,-0.1,5.1,0.0,218.33333333333334,0.0489174017642342,False,False,NORMAL,3,0,0.09,NORMAL,1.9,0.1299999999999999,,,-0.598,-0.7896,1.05,False,False,False,False,False,NORMAL,-0.03023255813953485,0.02221100454316005,1.01,NORMAL,0.019999999999999796,-0.22999999999999998,-0.0022988505747126853,NORMAL,GREEN
2005-06-30,-0.07,5.0,0.0,264.6666666666667,0.04490777866880524,False,False,NORMAL,3,0,0.32,NORMAL,1.87,-0.019999999999999796,,,-0.602,-0.6672,1.05,False,False,False,False,False,NORMAL,0.07821782178217829,0.1312910284463895,0.81,NORMAL,0.11999999999999988,-0.06999999999999984,0.02386548544566991,NORMAL,GREEN
2005-07-31,-0.07,5.0,0.0,260.0,0.038492381716118684,False,False,NORMAL,3,0,0.11,NORMAL,1.67,-0.20000000000000018,,,-0.612,-0.9261,1.07,False,False,False,False,False,NORMAL,0.043087121212121104,0.025974025974025983,0.86,NORMAL,0.25,0.08999999999999986,0.21768292682926815,NORMAL,GREEN
2005-08-31,-0.07,4.9,0.0,271.0,0.012830793905372895,False,False,NORMAL,3,0,0.19,NORMAL,1.77,0.07000000000000006,,,-0.597,-0.8091,1.07,False,False,False,False,False,NORMAL,0.07928015564202329,0.035079051383399174,0.5,NORMAL,-0.28,0.0,0.3177803379416282,ELEVATED,GREEN
2005-09-30,0.03,5.0,0.09999999999999964,201.33333333333334,0.22774659182036894,False,False,NORMAL,3,2,-0.15,ELEVATED,1.81,0.0,,,-0.566,-0.8409,1.07,False,False,False,False,False,NORMAL,0.10877021068103865,0.12913385826771662,0.79,NORMAL,0.16999999999999993,0.1499999999999999,0.16916828536111583,NORMAL,GREEN
2005-10-31,0.03,5.0,0.09999999999999964,113.66666666666667,0.10425020048115474,False,False,NORMAL,3,2,0.08,ELEVATED,1.83,0.020000000000000018,,,-0.582,-0.8645,1.03,False,False,False,False,False,NORMAL,0.03481163567000478,-0.0033783783783783994,0.59,NORMAL,0.21999999999999997,0.009999999999999787,-0.0018360874645301228,NORMAL,GREEN
2005-11-30,0.07,5.0,0.09999999999999964,165.0,0.017642341619887647,False,False,NORMAL,3,0,0.26,NORMAL,1.89,0.05999999999999983,,,-0.58,-0.7687,1.03,False,False,False,False,False,NORMAL,0.06685906685906695,0.2048260381593714,0.54,NORMAL,0.1200000000000001,-0.19999999999999973,-0.1646510272475593,NORMAL,GREEN
2005-12-31,-0.03,4.9,0.0,202.33333333333334,0.01122694466720131,False,False,NORMAL,3,0,0.58,NORMAL,1.82,-0.050000000000000044,,,-0.562,-0.6423,1.03,False,False,False,False,False,NORMAL,0.018251681075888593,-0.02350636630754166,0.31,NORMAL,-0.08999999999999986,-0.040000000000000036,-0.08986557921764082,NORMAL,GREEN
2006-01-31,-0.07,4.7,0.0,262.0,0.0,False,False,NORMAL,3,0,0.52,NORMAL,1.78,-0.040000000000000036,,,-0.602,-0.9941,1.02,False,False,False,False,False,NORMAL,0.03412809724170174,0.060167910447761264,0.06,NORMAL,-0.06000000000000005,0.19999999999999973,0.13478260869565228,NORMAL,GREEN
2006-02-28,-0.07,4.8,0.09999999999999964,245.33333333333334,0.014834205933682343,False,False,NORMAL,3,0,0.3,NORMAL,1.65,-0.14000000000000012,,,-0.632,-1.108,1.02,False,False,False,False,False,NORMAL,0.012771996215704906,-0.03987313094698686,-0.07,NORMAL,-0.009999999999999787,0.020000000000000018,0.07046921332635625,NORMAL,GREEN
2006-03-31,-0.07,4.7,0.0,293.0,0.05322862129144856,False,False,NORMAL,3,0,0.27,NORMAL,1.69,0.020000000000000018,,,-0.627,-1.043,1.02,False,False,False,False,False,NORMAL,0.027158098933074637,0.05633047210300424,0.23,NORMAL,0.28000000000000025,-0.10000000000000009,0.10687022900763377,NORMAL,GREEN
2006-04-30,0.0,4.7,0.0,261.0,0.07068062827225141,False,False,NORMAL,3,1,0.08,NORMAL,1.67,-0.030000000000000027,,,-0.618,-1.093,1.02,False,False,False,False,False,NORMAL,-0.07069767441860464,-0.11644832605531297,0.3,ELEVATED,0.040000000000000036,0.17000000000000037,0.058060713233127004,NORMAL,GREEN
2006-05-31,-0.07,4.6,0.0,172.0,0.16143106457242573,False,False,NORMAL,3,0,0.05,NORMAL,1.66,0.04999999999999982,,,-0.581,-0.7823,1.02,False,False,False,False,False,NORMAL,-0.08633093525179858,-0.04098765432098761,0.26,NORMAL,0.04999999999999982,-0.04999999999999982,0.16376079517679654,NORMAL,GREEN
2006-06-30,-0.03,4.6,0.0,99.66666666666667,0.06631762652705064,False,False,NORMAL,3,1,-0.01,NORMAL,1.67,0.0,,,-0.528,-0.8514,1.02,False,False,False,False,False,NORMAL,-0.14279155188246095,-0.12862669245647973,0.14,ELEVATED,0.16999999999999993,-0.020000000000000018,0.10854572713643162,NORMAL,GREEN
2006-07-31,0.03,4.7,0.10000000000000053,106.33333333333333,0.11518324607329844,False,False,NORMAL,3,1,-0.08,NORMAL,1.68,0.010000000000000009,,,-0.558,-0.926,1.13,False,False,False,False,False,NORMAL,-0.19972764412165234,-0.1543330087633885,-0.11,ELEVATED,-0.1299999999999999,-0.029999999999999805,0.03844011142061299,NORMAL,GREEN
2006-08-31,0.07,4.7,0.10000000000000053,147.66666666666666,0.09685863874345557,False,False,NORMAL,3,2,-0.02,ELEVATED,1.73,0.050000000000000044,,,-0.602,-0.9727,1.13,False,False,False,False,False,NORMAL,-0.2239747634069401,-0.2124105011933174,-0.31,SEVERE,-0.10999999999999988,-0.10999999999999988,-0.014561747409689296,NORMAL,YELLOW
2006-09-30,0.07,4.5,0.0,163.0,0.10471204188481686,False,False,NORMAL,3,0,-0.03,NORMAL,1.72,-0.010000000000000009,,,-0.605,-0.7915,1.13,False,False,False,False,False,NORMAL,-0.26866990720282813,-0.20037192003719195,-0.25,SEVERE,0.029999999999999805,-0.1299999999999999,-0.14931025155531508,NORMAL,GREEN
2006-10-31,-0.07,4.4,0.0,104.66666666666667,0.10122164048865612,False,False,NORMAL,3,0,-0.03,NORMAL,1.64,-0.09000000000000008,,,-0.627,-0.9986,1.32,False,False,False,False,False,NORMAL,-0.2764976958525346,-0.2779661016949152,-0.47,SEVERE,0.06999999999999984,-0.08000000000000007,-0.21244635193133055,NORMAL,GREEN
2006-11-30,-0.07,4.5,0.09999999999999964,122.66666666666667,0.1387434554973821,False,False,NORMAL,3,1,-0.13,NORMAL,1.64,0.0,,,-0.626,-0.9193,1.32,False,False,False,False,False,NORMAL,-0.3079350766456267,-0.26874708896134136,-0.57,SEVERE,-0.1299999999999999,0.020000000000000018,-0.10528559249786862,NORMAL,GREEN
2006-12-31,-0.03,4.4,0.0,141.0,0.12827225130890052,False,False,NORMAL,3,0,0.13,NORMAL,1.64,0.0,,,-0.632,-0.9616,1.32,False,False,False,False,False,NORMAL,-0.22735849056603774,-0.17301905717151456,-0.31,SEVERE,0.25,0.0,-0.03259141494435602,NORMAL,GREEN
2007-01-31,0.07,4.6,0.1999999999999993,209.66666666666666,0.10732984293193715,False,False,NORMAL,3,0,0.06,NORMAL,1.57,-0.06999999999999984,,,-0.678,-1.1263,1.43,False,False,False,False,False,NORMAL,-0.2649186256781193,-0.38011438627364713,-0.29,SEVERE,0.020000000000000018,0.13000000000000034,-0.009366485013623915,NORMAL,GREEN
2007-02-28,0.07,4.5,0.09999999999999964,166.66666666666666,0.09778911564625847,False,False,NORMAL,3,0,0.16,NORMAL,1.6,0.040000000000000036,,,-0.661,-1.1239,1.43,False,False,False,False,False,NORMAL,-0.25361980382998595,-0.30155733836715437,-0.6,SEVERE,-0.2599999999999998,-0.06000000000000005,-0.018897887883118858,NORMAL,GREEN
2007-03-31,0.03,4.4,0.0,178.33333333333334,0.036317567567567544,False,False,NORMAL,3,0,-0.01,NORMAL,1.75,0.1100000000000001,,,-0.605,-0.9471,1.43,False,False,False,False,False,NORMAL,-0.2464589235127479,-0.24073133570340277,-0.39,SEVERE,0.06000000000000005,0.06999999999999984,0.08364831552999163,NORMAL,GREEN
2007-04-30,0.0,4.5,0.09999999999999964,125.0,0.048281505728314134,False,False,NORMAL,4,0,0.12,NORMAL,1.68,-0.06000000000000005,,,-0.586,-1.0017,1.63,False,False,False,False,False,NORMAL,-0.2642642642642643,-0.1817682591982427,-0.28,SEVERE,-0.009999999999999787,-0.009999999999999787,0.1308234485129791,NORMAL,GREEN
2007-05-31,0.0,4.4,0.0,144.0,0.007450331125827825,False,False,NORMAL,4,0,0.07,NORMAL,1.6,-0.05999999999999983,,,-0.551,-0.97,1.63,False,False,False,False,False,NORMAL,-0.21627296587926514,-0.2713697219361483,0.17,SEVERE,0.31999999999999984,-0.07000000000000028,0.03625768857235334,NORMAL,GREEN
2007-06-30,0.03,4.6,0.1999999999999993,95.33333333333333,0.04552980132450335,False,False,NORMAL,4,0,-0.02,NORMAL,1.59,-0.010000000000000009,,,-0.522,-0.5484,1.63,False,False,False,False,False,NORMAL,-0.2463845741831816,-0.19644839067702558,0.21,SEVERE,0.08000000000000007,0.0,0.06869881710646042,NORMAL,GREEN
2007-07-31,0.07,4.7,0.2999999999999998,65.66666666666667,0.037251655629139124,False,False,NORMAL,4,1,-0.12,NORMAL,1.85,0.25,,,-0.289,-0.1327,1.97,False,False,False,False,False,NORMAL,-0.22802041973908116,-0.22049510650546922,-0.18,SEVERE,-0.16999999999999993,-0.050000000000000266,0.18881118881118875,NORMAL,GREEN
2007-08-31,0.1,4.6,0.1999999999999993,7.0,0.0596026490066226,False,False,ELEVATED,4,1,-0.16,NORMAL,2.05,0.18999999999999972,,,0.207,1.0207,1.97,True,True,False,False,False,SEVERE,-0.23286875725900114,-0.19393939393939397,0.53,SEVERE,-0.10000000000000009,-0.06999999999999984,0.1555763823805063,NORMAL,ORANGE
2007-09-30,0.17,4.7,0.2999999999999998,9.666666666666666,0.037251655629139124,False,False,ELEVATED,4,0,-0.18,NORMAL,2.0,-0.06999999999999984,,,0.079,0.718,1.97,True,False,False,False,False,ELEVATED,-0.23806646525679753,-0.3122093023255814,0.77,SEVERE,-0.04999999999999982,0.1299999999999999,0.1585071661700015,NORMAL,ORANGE
2007-10-31,0.2,4.7,0.2999999999999998,43.666666666666664,0.08692052980132448,False,False,ELEVATED,4,1,-0.14,NORMAL,1.99,-0.010000000000000009,,,0.001,0.8142,2.75,True,False,False,False,False,ELEVATED,-0.24076433121019103,-0.15224681421864517,0.54,SEVERE,-0.08999999999999986,0.029999999999999805,0.2040920716112531,NORMAL,ORANGE
2007-11-30,0.23,4.7,0.2999999999999998,92.33333333333333,0.11258278145695355,False,False,NORMAL,4,1,-0.14,NORMAL,2.47,0.4800000000000002,,,0.483,2.09,2.75,True,True,False,False,False,SEVERE,-0.20260586319218243,-0.23757961783439485,0.82,SEVERE,-0.5100000000000002,0.0,0.19762097864287642,NORMAL,YELLOW
2007-12-31,0.4,5.0,0.5999999999999996,98.66666666666667,0.1564569536423841,False,False,ELEVATED,4,1,-0.27,NORMAL,2.52,0.04999999999999982,,,0.525,1.3375,2.75,True,True,False,False,False,SEVERE,-0.2985347985347986,-0.3711340206185567,0.68,SEVERE,0.10000000000000009,-0.029999999999999805,0.17528172464478198,NORMAL,ORANGE
2008-01-31,0.4,5.0,0.5999999999999996,72.0,0.1216887417218544,False,False,ELEVATED,4,1,-0.25,NORMAL,2.96,0.41999999999999993,,,0.415,1.6469,3.5,True,True,True,False,True,SEVERE,-0.32718327183271834,-0.23066004258339246,1.71,SEVERE,-0.26,0.020000000000000018,-0.026444350042480802,NORMAL,ORANGE
2008-02-29,0.43,4.9,0.5,13.0,0.14817880794701987,False,False,ELEVATED,4,3,-0.49,SEVERE,3.22,0.26000000000000023,,,0.792,1.4524,3.5,True,True,True,False,True,SEVERE,-0.36545682102628285,-0.25472972972972974,1.68,SEVERE,-0.22999999999999998,0.0900000000000003,0.14875846501128676,NORMAL,RED
2008-03-31,0.47,5.1,0.6999999999999993,-45.333333333333336,0.2185430463576159,False,False,ELEVATED,4,3,-0.61,SEVERE,3.45,0.22999999999999998,,,0.951,1.6937,3.5,True,True,True,False,True,SEVERE,-0.3941102756892231,-0.3277591973244147,2.07,SEVERE,0.010000000000000009,-0.0900000000000003,0.058259510161542405,NORMAL,RED
2008-04-30,0.5,5.0,0.5999999999999996,-117.0,0.1903973509933774,True,False,SEVERE,4,3,-0.75,SEVERE,3.1,-0.2999999999999998,,,0.655,1.7138,4.16,True,True,True,False,True,SEVERE,-0.3142857142857143,-0.3201342281879195,2.34,SEVERE,0.24,-0.06999999999999984,0.2403185338714955,NORMAL,RED
2008-05-31,0.73,5.4,0.8000000000000007,-159.33333333333334,0.17590361445783143,True,False,SEVERE,4,3,-0.77,SEVERE,3.0,-0.040000000000000036,,,0.509,0.9794,4.16,True,True,True,False,True,SEVERE,-0.33355659745478905,-0.31236749116607776,2.17,SEVERE,0.06000000000000005,0.2200000000000002,0.25122813912359976,ELEVATED,RED
2008-06-30,0.8,5.6,1.0,-186.33333333333334,0.2313253012048193,True,False,SEVERE,4,2,-0.74,SEVERE,3.05,0.0,,,0.717,1.7653,4.16,True,True,True,False,True,SEVERE,-0.1613361762615494,-0.27762430939226523,2.09,SEVERE,-0.030000000000000027,0.03999999999999959,0.37837305495371276,ELEVATED,RED
2008-07-31,0.97,5.8,1.2000000000000002,-181.0,0.2787148594377511,True,True,SEVERE,4,4,-0.92,SEVERE,3.22,0.17000000000000037,,,0.718,1.2106,4.64,True,True,True,False,True,SEVERE,-0.3232916972814107,-0.3183161004431314,2.31,SEVERE,0.21999999999999997,-0.2200000000000002,0.09208443271767819,NORMAL,RED
2008-08-31,1.1,6.1,1.3999999999999995,-213.33333333333334,0.37580128205128216,True,True,SEVERE,4,4,-1.06,SEVERE,3.29,0.08000000000000007,,,0.846,1.5731,4.64,True,True,True,False,True,SEVERE,-0.3504920514761545,-0.3654135338345864,2.11,SEVERE,0.050000000000000044,-0.18999999999999995,-0.09265802905378873,NORMAL,RED
2008-09-30,1.27,6.1,1.3999999999999995,-313.3333333333333,0.4871794871794872,True,True,SEVERE,4,3,-1.68,SEVERE,4.0,0.6699999999999999,,,1.799,4.5894,4.64,True,True,True,False,True,SEVERE,-0.3679619349722443,-0.3068469991546915,2.93,SEVERE,0.56,-0.44999999999999973,-0.2805087167762218,ELEVATED,RED
2008-10-31,1.5,6.5,1.7999999999999998,-402.0,0.4401515151515152,True,True,SEVERE,4,3,-1.66,SEVERE,5.53,1.2200000000000006,,,2.801,7.7998,5.48,True,True,True,True,True,SEVERE,-0.3825503355704698,-0.38528481012658233,3.55,SEVERE,0.9700000000000002,-0.62,-0.4515583474269148,ELEVATED,RED
2008-11-30,1.7,6.8,1.8999999999999995,-556.6666666666666,0.5633802816901408,True,True,SEVERE,4,3,-2.02,SEVERE,6.1,0.5199999999999996,,,3.081,6.907,5.48,True,True,True,True,True,SEVERE,-0.488562091503268,-0.45530492898913955,2.92,SEVERE,-0.44999999999999973,-0.55,-0.5221981826049329,NORMAL,RED
2008-12-31,2.07,7.3,2.3999999999999995,-637.6666666666666,0.6723498888065234,True,True,SEVERE,4,3,-2.06,SEVERE,5.82,-0.29000000000000004,,,2.726,4.8361,5.48,True,True,True,True,True,SEVERE,-0.5178416013925152,-0.45998071359691417,2.14,SEVERE,-0.11999999999999966,-0.31,-0.5571002979145978,NORMAL,RED
2009-01-31,2.37,7.8,2.8999999999999995,-737.3333333333334,0.7067342505430847,True,True,SEVERE,4,4,-2.69,SEVERE,5.38,-0.4400000000000004,,,2.146,4.069,6.59,True,True,True,True,True,SEVERE,-0.5018281535648994,-0.5479704797047971,2.63,SEVERE,-0.41000000000000014,1.0299999999999998,-0.3872246696035242,SEVERE,RED
2009-02-28,2.77,8.3,3.3000000000000007,-741.0,0.8585858585858586,True,True,SEVERE,4,4,-2.33,SEVERE,5.22,-0.1900000000000004,,,2.147,4.1907,6.59,True,True,True,True,True,SEVERE,-0.4497041420118343,-0.47234814143245696,2.76,SEVERE,0.22999999999999998,-0.08000000000000007,-0.21789530882086583,NORMAL,RED
2009-03-31,3.13,8.7,3.6999999999999993,-784.3333333333334,0.833796940194715,True,True,SEVERE,4,4,-2.21,SEVERE,5.74,0.40000000000000036,,,1.935,3.2432,6.59,True,True,True,True,True,SEVERE,-0.4694932781799379,-0.49751243781094523,2.5,SEVERE,-0.5900000000000001,0.37,0.1130044843049327,ELEVATED,RED
2009-04-30,3.53,9.0,3.5999999999999996,-752.3333333333334,0.7269601100412655,True,True,SEVERE,4,4,-1.74,SEVERE,5.08,-0.6200000000000001,,,1.387,2.8655,7.85,True,True,True,True,True,SEVERE,-0.4831349206349206,-0.5281342546890424,3.02,SEVERE,0.31999999999999984,0.15999999999999992,0.206566019650132,NORMAL,RED
2009-05-31,3.73,9.4,3.8000000000000007,-617.3333333333334,0.6608108108108108,True,True,SEVERE,4,4,-1.72,SEVERE,4.29,-0.79,,,0.883,1.3879,7.85,True,True,True,True,True,SEVERE,-0.44120603015075377,-0.44501541623843777,3.33,SEVERE,-0.020000000000000018,0.33000000000000007,0.5356646595646133,SEVERE,RED
2009-06-30,3.9,9.5,3.7,-495.3333333333333,0.5722733245729303,True,False,SEVERE,4,4,-1.25,SEVERE,3.64,-0.49999999999999956,,,0.732,1.6787,7.85,True,True,True,True,True,SEVERE,-0.4906779661016949,-0.4407265774378585,3.34,SEVERE,0.09000000000000008,-0.20999999999999996,0.40652699435938744,ELEVATED,RED
2009-07-31,3.8,9.5,3.4000000000000004,-386.6666666666667,0.35769922109047325,True,False,SEVERE,4,2,-0.67,ELEVATED,3.11,-0.52,,,0.424,0.5422,8.5,True,False,True,True,True,ELEVATED,-0.35396308360477746,-0.3564463705308776,3.34,SEVERE,-0.16000000000000014,0.17000000000000015,0.37557100297914614,ELEVATED,ORANGE
2009-08-31,3.67,9.6,3.5,-331.3333333333333,0.296875,True,False,SEVERE,4,1,-0.27,NORMAL,2.98,-0.06000000000000005,,,0.237,0.5626,8.5,True,False,True,True,True,ELEVATED,-0.28205128205128205,-0.3056872037914692,3.25,SEVERE,-0.020000000000000018,-0.24,0.05519529482732621,NORMAL,ORANGE
2009-09-30,3.57,9.8,3.3000000000000007,-254.0,0.15445440168687408,True,False,SEVERE,4,1,-0.02,NORMAL,2.86,-0.1499999999999999,,,0.11,0.195,8.5,True,False,True,True,True,ELEVATED,-0.23588456712672523,-0.28658536585365857,3.17,SEVERE,-0.17999999999999994,0.1100000000000001,0.009166427957605361,NORMAL,ORANGE
2009-10-31,3.57,10.0,3.2,-200.33333333333334,0.06836734693877555,False,False,SEVERE,4,1,-0.17,NORMAL,2.86,-0.040000000000000036,,,0.028,0.4355,8.72,True,False,True,True,True,ELEVATED,-0.20788043478260865,-0.3127413127413128,3.36,SEVERE,-0.09000000000000008,0.29000000000000004,0.11233034940802766,ELEVATED,ORANGE
2009-11-30,3.47,9.9,2.6000000000000005,-138.33333333333334,0.0,False,False,SEVERE,4,1,-0.15,NORMAL,2.99,0.13000000000000034,,,-0.025,0.1704,8.72,True,False,True,True,True,ELEVATED,-0.004792332268370614,-0.09815950920245398,3.15,NORMAL,-0.3700000000000001,0.050000000000000266,0.10318708017721878,NORMAL,ORANGE
2009-12-31,3.07,9.9,2.1000000000000005,-146.0,0.0,False,False,SEVERE,4,0,-0.17,NORMAL,2.54,-0.41000000000000014,,,-0.142,-0.2362,8.72,True,False,True,True,True,ELEVATED,0.1985559566787003,0.03750000000000009,3.79,NORMAL,0.30000000000000004,0.22999999999999998,0.12673857507805852,NORMAL,ORANGE
2010-01-31,2.57,9.8,1.5,-86.33333333333333,0.037927350427350515,False,False,SEVERE,4,0,-0.02,NORMAL,2.57,0.009999999999999787,,,-0.193,0.0614,8.75,True,False,True,True,True,ELEVATED,0.16697247706422025,0.25306122448979584,3.55,NORMAL,-0.1399999999999999,-0.029999999999999805,-0.05438733125649031,NORMAL,ORANGE
2010-02-28,2.03,9.8,1.1000000000000014,-117.0,0.037927350427350515,False,False,SEVERE,4,1,-0.16,NORMAL,2.62,0.050000000000000266,,,-0.238,-0.2166,8.75,True,False,True,True,True,ELEVATED,0.16487455197132617,0.037800687285223455,3.48,NORMAL,0.1299999999999999,-0.20000000000000018,0.0327762663557456,NORMAL,ORANGE
2010-03-31,1.53,9.9,0.9000000000000004,19.333333333333332,0.004807692307692291,False,False,SEVERE,4,0,0.1,NORMAL,2.47,-0.1599999999999997,,,-0.41,-0.3951,8.75,False,False,True,True,False,NORMAL,0.3391812865497077,0.2594059405940594,3.68,NORMAL,0.14000000000000012,0.07000000000000028,0.05113994205819372,NORMAL,GREEN
2010-04-30,1.2,9.9,0.5,106.0,0.002136752136752129,False,False,SEVERE,4,0,0.18,NORMAL,2.38,-0.06000000000000005,,,-0.344,-0.1837,8.76,False,False,True,True,False,NORMAL,0.2226487523992322,0.4372384937238494,3.53,NORMAL,-0.3999999999999999,0.1299999999999999,0.1814687714481813,NORMAL,GREEN
2010-05-31,0.8,9.6,0.09999999999999964,312.0,0.014285714285714235,False,False,SEVERE,4,0,0.39,NORMAL,2.89,0.5100000000000002,,,-0.065,1.0334,8.76,True,True,True,True,True,SEVERE,0.03417266187050361,0.07962962962962972,3.15,NORMAL,0.030000000000000027,-0.4099999999999999,-0.07175112895132962,NORMAL,ORANGE
2010-06-30,0.43,9.4,0.0,214.66666666666666,0.012087912087912045,False,False,ELEVATED,4,0,0.18,NORMAL,3.08,0.16999999999999993,,,-0.065,0.6007,8.76,True,False,True,True,True,ELEVATED,-0.02329450915141429,-0.0837606837606838,2.79,NORMAL,-0.2100000000000002,-0.16999999999999993,-0.0941881366087477,NORMAL,ORANGE
2010-07-31,0.13,9.4,0.0,98.33333333333333,0.018242122719734688,False,False,NORMAL,4,0,0.09,NORMAL,2.91,-0.10999999999999988,,,-0.239,0.1797,8.59,True,False,True,True,True,ELEVATED,-0.026890756302521024,-0.08080808080808077,2.79,NORMAL,-0.07000000000000006,0.050000000000000044,-0.08388520971302427,NORMAL,GREEN
2010-08-31,0.0,9.5,0.09999999999999964,-75.66666666666667,0.05030403537866235,False,False,ELEVATED,4,0,-0.06,NORMAL,3.01,0.08999999999999986,,,-0.263,0.4724,8.59,True,False,True,True,True,ELEVATED,-0.058441558441558406,0.022184300341296925,2.33,NORMAL,-0.1200000000000001,-0.3500000000000001,-0.027972972972972854,NORMAL,ORANGE
2010-09-30,0.03,9.5,0.09999999999999964,-56.333333333333336,0.0027639579878386833,False,False,ELEVATED,4,0,-0.07,NORMAL,3.05,0.040000000000000036,,,-0.325,0.0998,8.59,True,False,True,True,True,ELEVATED,-0.07553366174055831,0.01538461538461533,2.37,NORMAL,-0.27,0.21999999999999997,0.057679587246990405,NORMAL,ORANGE
2010-10-31,0.07,9.4,0.0,68.33333333333333,0.003930376193149954,False,False,NORMAL,4,0,-0.15,NORMAL,3.15,0.10000000000000009,,,-0.426,-0.2216,7.95,True,False,True,True,True,ELEVATED,-0.04288164665523153,0.016853932584269593,2.51,NORMAL,-0.25,0.34999999999999987,0.03297400126823091,ELEVATED,YELLOW
2010-11-30,0.13,9.8,0.40000000000000036,111.33333333333333,0.0,False,False,NORMAL,4,0,-0.16,NORMAL,3.03,-0.1200000000000001,,,-0.443,0.0383,7.95,True,False,True,True,True,ELEVATED,-0.101123595505618,-0.0731292517006803,2.64,ELEVATED,0.24,-0.06000000000000005,0.1694703183650772,NORMAL,YELLOW
2010-12-31,0.1,9.3,0.0,163.0,0.0,False,False,NORMAL,4,0,-0.07,NORMAL,2.68,-0.31000000000000005,,,-0.516,-0.2351,7.95,True,False,True,True,True,ELEVATED,-0.048192771084337394,-0.07228915662650603,3.18,NORMAL,0.16000000000000003,0.1299999999999999,0.14296435272045027,NORMAL,GREEN
2011-01-31,-0.13,9.1,0.0,72.33333333333333,0.03301320528211282,False,False,NORMAL,4,0,-0.03,NORMAL,2.68,0.0,,,-0.587,-0.2588,7.56,True,False,True,True,True,ELEVATED,-0.09433962264150941,0.026058631921824116,3.27,NORMAL,0.08000000000000007,0.040000000000000036,0.11712707182320425,NORMAL,GREEN
2011-02-28,-0.3,9.0,0.0,102.66666666666667,0.0,False,False,NORMAL,4,1,-0.09,NORMAL,2.57,-0.13000000000000034,,,-0.567,-0.08,7.56,True,False,True,True,True,ELEVATED,-0.1661538461538462,-0.14403973509933776,3.27,ELEVATED,-0.06000000000000005,0.1200000000000001,0.15430337612933887,NORMAL,YELLOW
2011-03-31,-0.2,9.0,0.0,151.0,0.016906700062617297,False,False,NORMAL,4,0,0.02,NORMAL,2.58,0.03000000000000025,,,-0.543,-0.3265,7.56,True,False,True,True,True,ELEVATED,-0.15138282387190682,-0.05660377358490565,3.38,ELEVATED,-0.10000000000000009,-0.010000000000000231,0.16207047493981186,NORMAL,YELLOW
2011-04-30,0.0,9.1,0.09999999999999964,253.33333333333334,0.06950532247964936,False,False,NORMAL,4,1,-0.15,NORMAL,2.58,0.0,,,-0.594,-0.5132,7.09,True,False,True,True,True,ELEVATED,-0.08791208791208793,-0.19359534206695783,3.28,ELEVATED,-0.24,0.08999999999999986,0.2350807781074844,NORMAL,YELLOW
2011-05-31,0.07,9.0,0.0,215.33333333333334,0.05823418910457101,False,False,NORMAL,4,2,-0.14,ELEVATED,2.65,0.08000000000000007,,,-0.556,-0.2731,7.09,True,False,True,True,True,ELEVATED,0.07478260869565223,-0.037735849056603765,2.99,NORMAL,0.050000000000000044,-0.31000000000000005,0.057672502574665385,NORMAL,YELLOW
2011-06-30,0.2,9.1,0.09999999999999964,216.0,0.04758922980588598,False,False,NORMAL,4,2,-0.27,ELEVATED,2.72,0.020000000000000018,,,-0.514,-0.1109,7.09,True,False,True,True,True,ELEVATED,0.08347529812606469,0.13432835820895517,3.15,NORMAL,-0.030000000000000027,0.17000000000000037,-0.1025520293812977,NORMAL,YELLOW
2011-07-31,0.23,9.0,0.0,131.66666666666666,0.030056355666875367,False,False,NORMAL,4,0,-0.06,NORMAL,2.77,0.04999999999999982,,,-0.389,-0.2609,6.66,True,False,True,True,True,ELEVATED,0.07253886010362698,0.14102564102564097,2.72,NORMAL,-0.37,0.009999999999999787,-0.14860295426232417,NORMAL,GREEN
2011-08-31,0.23,9.0,0.0,140.66666666666666,0.025673137132122825,False,False,NORMAL,4,0,0.06,NORMAL,3.25,0.5299999999999998,,,-0.134,0.878,6.66,True,False,True,True,True,ELEVATED,0.11551724137931041,-0.023372287145242088,2.21,NORMAL,-0.18,-0.22999999999999998,-0.13524829600778965,NORMAL,GREEN
2011-09-30,0.2,9.0,0.0,137.66666666666666,0.04633688165309957,False,False,NORMAL,4,0,-0.03,NORMAL,3.3,0.06999999999999984,,,-0.035,1.1512,6.66,True,True,True,True,True,SEVERE,0.08348134991119016,0.09427609427609429,1.9,NORMAL,0.1,-0.33000000000000007,-0.1717733473242391,NORMAL,GREEN
2011-10-31,0.17,8.8,0.0,187.0,0.006261740763932266,False,False,NORMAL,4,1,-0.03,NORMAL,3.02,-0.2799999999999998,,,-0.1,0.3195,6.11,True,False,True,True,True,ELEVATED,0.20250896057347667,0.12338858195211788,2.16,NORMAL,-0.09000000000000001,0.33999999999999986,-0.026024247491638897,ELEVATED,YELLOW
2011-11-30,0.0,8.6,0.0,188.33333333333334,0.0,False,False,NORMAL,4,1,-0.15,NORMAL,3.24,0.2200000000000002,,,-0.07,1.2505,6.11,True,True,True,True,True,SEVERE,0.2607142857142857,0.30458715596330266,2.07,NORMAL,-0.05,-0.040000000000000036,0.1300529219682467,NORMAL,GREEN
2011-12-31,-0.17,8.5,0.0,181.33333333333334,0.0,False,False,NORMAL,4,0,0.03,NORMAL,3.27,-0.029999999999999805,,,-0.146,0.6644,6.11,True,False,True,True,True,ELEVATED,0.10284810126582289,0.287569573283859,1.87,NORMAL,-0.13,-0.08999999999999986,0.2521221335360444,ELEVATED,YELLOW
2012-01-31,-0.2,8.3,0.0,231.0,0.008678237650200371,False,False,NORMAL,4,0,0.1,NORMAL,3.24,-0.029999999999999805,,,-0.32,0.3255,5.48,True,False,True,True,True,ELEVATED,0.23611111111111116,0.14761904761904754,1.77,NORMAL,-0.21000000000000002,0.1499999999999999,0.05655113209571838,NORMAL,GREEN
2012-02-29,-0.13,8.3,0.0,273.0,0.0,False,False,NORMAL,4,0,0.21,NORMAL,3.1,-0.14000000000000012,,,-0.404,0.0701,5.48,True,False,True,True,True,ELEVATED,0.36162361623616235,0.36170212765957444,1.9,NORMAL,0.0,0.1499999999999999,0.0669589477879633,NORMAL,GREEN
2012-03-31,-0.1,8.2,0.0,286.6666666666667,0.0034411562284928365,False,False,NORMAL,4,0,-0.01,NORMAL,3.07,-0.020000000000000018,,,-0.432,0.0303,5.48,True,False,True,True,True,ELEVATED,0.3825042881646654,0.15833333333333344,2.16,NORMAL,0.15,0.08999999999999986,0.04249721744409585,NORMAL,GREEN
2012-04-30,-0.07,8.2,0.0,193.0,0.05092911218169305,False,False,NORMAL,4,0,-0.11,NORMAL,3.2,0.1200000000000001,,,-0.375,-0.0004,5.0,True,False,True,True,True,ELEVATED,0.2598967297762478,0.3592057761732852,1.85,NORMAL,-0.15999999999999998,-0.10999999999999988,0.0653057079016861,NORMAL,GREEN
2012-05-31,-0.03,8.2,0.0,141.0,0.028217481073640638,False,False,NORMAL,4,1,-0.17,NORMAL,3.4,0.20999999999999996,,,-0.259,0.3657,5.0,True,False,True,True,True,ELEVATED,0.28802588996763756,0.26203208556149726,1.52,NORMAL,-0.21999999999999997,-0.15000000000000036,-0.19200597683974596,NORMAL,GREEN
2012-06-30,0.0,8.2,0.0,88.33333333333333,0.0454232622161046,False,False,NORMAL,4,1,-0.14,NORMAL,3.39,-0.020000000000000018,,,-0.273,0.1267,5.0,True,False,True,True,True,ELEVATED,0.2484276729559749,0.2450657894736843,1.58,NORMAL,0.12999999999999995,0.06999999999999984,-0.17460933708628545,NORMAL,GREEN
2012-07-31,0.07,8.2,0.0,110.66666666666667,0.025464556090846635,False,False,NORMAL,4,1,-0.26,NORMAL,3.27,-0.1299999999999999,,,-0.365,0.1159,4.6,True,False,True,False,True,ELEVATED,0.36714975845410636,0.187800963081862,1.4,NORMAL,-0.18999999999999995,0.0900000000000003,-0.16026313280579652,NORMAL,GREEN
2012-08-31,0.03,8.1,0.0,135.66666666666666,0.027529249827942248,False,False,NORMAL,4,3,-0.35,SEVERE,3.21,-0.04999999999999982,,,-0.459,-0.0617,4.6,True,False,True,False,True,ELEVATED,0.2982998454404946,0.288888888888889,1.48,NORMAL,-0.020000000000000018,-0.009999999999999787,0.11500231160425334,NORMAL,YELLOW
2012-09-30,-0.1,7.8,0.0,168.0,0.05849965588437711,False,False,NORMAL,4,2,-0.28,ELEVATED,3.07,-0.13000000000000034,,,-0.526,-0.2084,4.6,True,False,True,False,True,ELEVATED,0.5245901639344261,0.303076923076923,1.55,NORMAL,-0.14,0.16000000000000014,0.08396048918156152,NORMAL,YELLOW
2012-10-31,-0.13,7.8,0.0,170.66666666666666,0.014452856159669736,False,False,NORMAL,4,2,-0.28,ELEVATED,2.73,-0.33000000000000007,,,-0.548,-0.3431,4.13,True,False,True,False,True,ELEVATED,0.3219076005961252,0.5,1.61,NORMAL,0.0,0.08000000000000007,-0.021003633060853732,NORMAL,YELLOW
2012-11-30,-0.13,7.7,0.0,162.0,0.10461114934618032,False,False,NORMAL,4,0,-0.03,NORMAL,2.95,0.2200000000000002,,,-0.554,-0.4738,4.13,True,False,True,False,True,ELEVATED,0.2988668555240792,0.1715893108298172,1.54,NORMAL,-0.010000000000000009,-0.08999999999999986,-0.08220172074219956,NORMAL,GREEN
2012-12-31,0.0,7.9,0.20000000000000018,185.66666666666666,0.0,False,False,NORMAL,4,0,0.05,NORMAL,2.85,-0.10000000000000009,,,-0.598,-0.3611,4.13,True,False,True,False,True,ELEVATED,0.3500717360114778,0.40634005763688763,1.73,NORMAL,0.12,0.040000000000000036,-0.003796919071382132,NORMAL,GREEN
2013-01-31,0.0,8.0,0.2999999999999998,196.0,0.0028409090909091717,False,False,NORMAL,4,1,0.03,NORMAL,2.82,-0.03000000000000025,,,-0.641,-0.6633,3.67,True,False,True,False,True,ELEVATED,0.3202247191011236,0.22821576763485485,1.95,NORMAL,0.050000000000000044,0.10999999999999988,0.13243650701611975,NORMAL,GREEN
2013-02-28,-0.03,7.7,0.0,240.33333333333334,0.0028409090909091717,False,False,NORMAL,4,1,0.01,NORMAL,2.89,0.050000000000000266,,,-0.648,-0.6193,3.67,True,False,True,False,True,ELEVATED,0.3279132791327912,0.3664772727272727,1.78,NORMAL,-0.09999999999999998,-0.040000000000000036,0.03941721255929509,NORMAL,GREEN
2013-03-31,-0.07,7.5,0.0,205.0,0.037280701754385914,False,False,NORMAL,4,1,-0.12,NORMAL,2.96,0.06999999999999984,,,-0.661,-0.6218,3.67,True,False,True,False,True,ELEVATED,0.16129032258064524,0.4532374100719425,1.8,NORMAL,0.0,-0.020000000000000018,0.058913209190896154,NORMAL,GREEN
2013-04-30,-0.13,7.6,0.09999999999999964,205.33333333333334,0.015350877192982448,False,False,NORMAL,4,1,-0.11,NORMAL,2.83,-0.08000000000000007,,,-0.702,-0.6819,3.28,True,False,True,False,True,ELEVATED,0.3825136612021858,0.10889774236387773,1.65,NORMAL,-0.010000000000000009,-0.16999999999999993,-0.04536610343061964,NORMAL,GREEN
2013-05-31,-0.03,7.5,0.0,183.33333333333334,0.01904761904761898,False,False,NORMAL,4,0,-0.14,NORMAL,2.79,-0.020000000000000018,,,-0.688,-0.367,3.28,True,False,True,False,True,ELEVATED,0.26005025125628145,0.31355932203389836,2.12,NORMAL,0.57,-0.06999999999999984,-0.0010866021949363924,ELEVATED,YELLOW
2013-06-30,0.0,7.5,0.0,196.66666666666666,0.00879120879120876,False,False,NORMAL,4,0,-0.1,NORMAL,2.83,0.040000000000000036,,,-0.627,0.0708,3.28,True,False,True,False,True,ELEVATED,0.18639798488664994,0.10832232496697491,2.48,NORMAL,0.5800000000000001,-0.21999999999999997,-0.009049773755656076,ELEVATED,YELLOW
2013-07-31,-0.03,7.3,0.0,172.66666666666666,0.01391941391941387,False,False,NORMAL,4,1,-0.17,NORMAL,2.68,-0.1299999999999999,,,-0.658,-0.484,2.81,True,False,False,False,False,ELEVATED,0.17432273262661946,0.18918918918918926,2.56,NORMAL,-0.06,0.18000000000000016,0.12744046341986692,NORMAL,GREEN
2013-08-31,-0.1,7.2,0.0,183.33333333333334,0.0,False,False,NORMAL,4,1,-0.12,NORMAL,2.56,-0.1200000000000001,,,-0.662,-0.1582,2.81,True,False,False,False,False,ELEVATED,0.14761904761904754,0.21618037135278523,2.75,NORMAL,0.26000000000000006,-0.10999999999999988,0.17458936147068416,NORMAL,GREEN
2013-09-30,-0.13,7.2,0.0,180.66666666666666,0.0,False,False,NORMAL,4,0,-0.04,NORMAL,2.75,0.18999999999999995,,,-0.674,-0.3343,2.81,True,False,False,False,False,ELEVATED,0.0795698924731183,0.0035419126328217754,2.62,NORMAL,-0.23000000000000004,0.08999999999999986,0.06226650062266503,NORMAL,GREEN
2013-10-31,-0.03,7.2,0.0,216.66666666666666,0.14171974522292996,False,False,NORMAL,4,0,0.14,NORMAL,2.65,-0.1200000000000001,,,-0.723,-0.5696,2.47,True,False,False,False,False,ELEVATED,0.17700112739571594,0.010928961748633892,2.53,NORMAL,-0.02999999999999997,-0.03000000000000025,-0.08382492863939095,NORMAL,GREEN
2013-11-30,-0.1,6.9,0.0,223.66666666666666,0.03423566878980888,False,False,NORMAL,4,0,0.14,NORMAL,2.61,-0.07000000000000028,,,-0.767,-0.5719,2.47,True,False,False,False,False,ELEVATED,0.12213740458015265,0.3205282112845138,2.69,NORMAL,0.22999999999999998,-0.03000000000000025,-0.14289683274680498,NORMAL,GREEN
2013-12-31,-0.17,6.7,0.0,183.66666666666666,0.10191082802547768,False,False,NORMAL,4,0,0.05,NORMAL,2.33,-0.27,,,-0.776,-0.6753,2.47,False,False,False,False,False,NORMAL,0.0680127523910734,0.026639344262294973,2.97,NORMAL,0.14,0.0900000000000003,-0.04093395857756932,NORMAL,GREEN
2014-01-31,-0.2,6.6,0.0,173.33333333333334,0.04060509554140124,False,False,NORMAL,4,1,-0.18,NORMAL,2.4,0.06000000000000005,,,-0.761,-0.3298,2.21,False,False,False,False,False,NORMAL,0.038297872340425476,0.0,2.65,NORMAL,-0.20999999999999996,-0.11999999999999966,0.013085470973102087,NORMAL,GREEN
2014-02-28,-0.1,6.7,0.10000000000000053,131.66666666666666,0.0676751592356688,False,False,NORMAL,4,1,-0.14,NORMAL,2.35,-0.009999999999999787,,,-0.774,-0.6539,2.21,False,False,False,False,False,NORMAL,0.060204081632653006,-0.018711018711018657,2.61,NORMAL,-0.07999999999999996,0.020000000000000018,0.11161534305780663,NORMAL,GREEN
2014-03-31,0.0,6.7,0.10000000000000053,204.33333333333334,0.023885350318471277,False,False,NORMAL,4,0,0.08,NORMAL,2.26,-0.11000000000000032,,,-0.774,-0.6286,2.21,False,False,False,False,False,NORMAL,0.1399572649572649,-0.03960396039603964,2.68,NORMAL,0.15999999999999998,-0.03000000000000025,0.03463379851278381,NORMAL,GREEN
2014-04-30,-0.1,6.2,0.0,245.66666666666666,0.027866242038216527,False,False,NORMAL,4,0,0.32,NORMAL,2.16,-0.09999999999999964,,,-0.766,-0.7209,1.95,False,False,False,False,False,NORMAL,0.07707509881422925,0.24910179640718555,2.64,NORMAL,-0.14,0.040000000000000036,0.02583290620194778,NORMAL,GREEN
2014-05-31,-0.13,6.3,0.09999999999999964,267.0,0.0,False,False,NORMAL,4,0,0.22,NORMAL,2.22,0.08000000000000007,,,-0.787,-0.7647,1.95,False,False,False,False,False,NORMAL,0.014955134596211339,0.08279569892473115,2.44,NORMAL,-0.16999999999999998,0.020000000000000018,0.0050544323483672216,NORMAL,GREEN
2014-06-30,-0.2,6.1,0.0,288.0,0.008038585209003246,False,False,NORMAL,4,0,0.1,NORMAL,2.18,-0.040000000000000036,,,-0.78,-0.7973,1.95,False,False,False,False,False,NORMAL,0.0721868365180467,0.08581644815256251,2.49,NORMAL,-0.04999999999999999,0.03999999999999959,0.044304420596632976,NORMAL,GREEN
2014-07-31,-0.03,6.2,0.10000000000000053,258.0,0.0,False,False,NORMAL,4,0,0.19,NORMAL,2.17,-0.03000000000000025,,,-0.737,-0.6882,1.77,False,False,False,False,False,NORMAL,0.07923771313941819,0.23295454545454541,2.55,NORMAL,-0.09000000000000002,0.03000000000000025,-0.01838712900969308,NORMAL,GREEN
2014-08-31,-0.07,6.1,0.0,252.0,0.012499999999999956,False,False,NORMAL,4,0,0.07,NORMAL,2.23,0.0,,,-0.72,-0.6607,1.77,False,False,False,False,False,NORMAL,0.08609958506224058,0.0730643402399127,2.32,NORMAL,-0.01999999999999999,-0.1499999999999999,-0.05357833655706001,NORMAL,GREEN
2014-09-30,-0.07,5.9,0.0,238.0,0.0,False,False,NORMAL,4,0,0.03,NORMAL,2.29,0.040000000000000036,,,-0.671,-0.3514,1.77,False,False,False,False,False,NORMAL,0.07270916334661348,0.20352941176470596,2.5,NORMAL,0.28,-0.17999999999999994,-0.14047327236730456,NORMAL,GREEN
2014-10-31,-0.13,5.7,0.0,242.0,0.0008665511265164572,False,False,NORMAL,4,0,-0.06,NORMAL,2.39,0.07000000000000028,,,-0.642,-0.4706,1.57,False,False,False,False,False,NORMAL,0.04789272030651337,0.161081081081081,2.34,NORMAL,-0.06,-0.030000000000000027,-0.18018935152193838,NORMAL,GREEN
2014-11-30,-0.1,5.8,0.09999999999999964,273.3333333333333,0.031523642732049106,False,False,NORMAL,4,0,0.11,NORMAL,2.52,0.16000000000000014,,,-0.648,-0.3959,1.57,True,False,False,False,False,ELEVATED,0.029154518950437414,-0.08999999999999997,2.16,NORMAL,-0.02999999999999997,-0.1299999999999999,-0.32618025751072965,NORMAL,GREEN
2014-12-31,-0.1,5.6,0.0,267.0,0.0,False,False,NORMAL,4,0,0.12,NORMAL,2.51,-0.03000000000000025,,,-0.571,-0.478,1.57,True,False,False,False,False,ELEVATED,0.06666666666666665,0.07085828343313372,2.13,NORMAL,-0.020000000000000018,-0.09000000000000008,-0.4137325874739497,NORMAL,GREEN
2015-01-31,0.0,5.7,0.10000000000000053,256.6666666666667,0.005272407732864748,False,False,NORMAL,4,1,0.02,NORMAL,2.61,0.10000000000000009,,,-0.504,0.0191,1.41,True,False,False,False,False,ELEVATED,0.07479508196721318,0.22184684684684686,1.66,NORMAL,-0.45999999999999996,-0.030000000000000027,-0.4065565627716379,NORMAL,GREEN
2015-02-28,-0.1,5.5,0.0,246.0,0.07111111111111112,False,False,NORMAL,4,1,-0.23,NORMAL,2.46,-0.1200000000000001,,,-0.523,-0.2116,1.41,False,False,False,False,False,NORMAL,0.08469682386910482,-0.06144067796610164,1.98,NORMAL,0.020000000000000018,0.20999999999999996,-0.24416135881104029,NORMAL,GREEN
2015-03-31,-0.03,5.4,0.0,186.33333333333334,0.009777777777777885,False,False,NORMAL,4,1,-0.24,NORMAL,2.55,0.08999999999999986,,,-0.537,-0.191,1.41,True,False,False,False,False,ELEVATED,0.004686035613870709,-0.010309278350515427,1.91,NORMAL,-0.08000000000000002,-0.10000000000000009,-0.10720299345182416,NORMAL,GREEN
2015-04-30,-0.1,5.4,0.0,209.33333333333334,0.016888888888888953,False,False,NORMAL,4,1,-0.16,NORMAL,2.6,0.050000000000000266,,,-0.543,-0.3922,1.28,True,False,False,False,False,ELEVATED,0.06972477064220173,0.14093959731543615,2.04,NORMAL,0.0,0.1299999999999999,0.24754132663737183,NORMAL,GREEN
2015-05-31,0.0,5.6,0.1999999999999993,237.0,0.01846722068328721,False,False,NORMAL,4,1,-0.11,NORMAL,2.72,0.1200000000000001,,,-0.545,-0.1767,1.28,True,False,False,False,False,ELEVATED,0.24950884086444014,0.07149950347567025,2.11,NORMAL,0.21000000000000002,-0.1399999999999999,0.208868378812199,NORMAL,GREEN
2015-06-30,-0.07,5.3,0.0,262.0,0.011080332409972193,False,False,NORMAL,4,2,-0.16,ELEVATED,2.83,0.08000000000000007,,,-0.538,-0.3095,1.28,True,False,False,False,False,ELEVATED,0.36534653465346545,0.32272228320526897,2.34,NORMAL,0.03999999999999998,0.040000000000000036,0.2464375523889355,NORMAL,YELLOW
2015-07-31,-0.03,5.2,0.0,265.0,0.025854108956602007,False,False,NORMAL,4,2,-0.04,ELEVATED,2.94,0.08000000000000007,,,-0.498,-0.0808,1.15,True,False,False,False,False,ELEVATED,0.059479553903345694,0.05622119815668203,2.12,NORMAL,-0.02999999999999997,-0.16999999999999993,-0.2098289164709829,NORMAL,YELLOW
2015-08-31,-0.13,5.1,0.0,195.66666666666666,0.025974025974025983,False,False,NORMAL,4,0,-0.02,NORMAL,3.15,0.22999999999999998,,,-0.416,0.6829,1.15,True,False,False,False,False,ELEVATED,0.11270296084049658,0.14837398373983746,2.13,NORMAL,0.11999999999999994,-0.07000000000000006,-0.18340248962655592,NORMAL,GREEN
2015-09-30,-0.07,5.0,0.0,188.66666666666666,0.0,False,False,NORMAL,4,0,-0.02,NORMAL,3.29,0.10999999999999988,,,-0.403,0.438,1.15,True,False,False,False,False,ELEVATED,0.062209842154131945,0.19648093841642233,2.06,NORMAL,0.050000000000000044,-0.16000000000000014,-0.24243443174176182,NORMAL,GREEN
2015-10-31,-0.1,5.0,0.0,196.0,0.007547169811320753,False,False,NORMAL,4,1,-0.22,NORMAL,3.19,-0.1200000000000001,,,-0.464,0.0035,1.06,True,False,False,False,False,ELEVATED,0.06032906764168189,-0.014897579143389184,2.08,NORMAL,0.040000000000000036,0.07000000000000006,-0.010825727021863685,NORMAL,GREEN
2015-11-30,-0.03,5.1,0.09999999999999964,227.66666666666666,0.013207547169811429,False,False,NORMAL,4,1,-0.25,NORMAL,3.2,-0.009999999999999787,,,-0.442,0.0602,1.06,True,False,False,False,False,ELEVATED,0.17469310670443816,0.17082917082917093,1.99,NORMAL,-0.050000000000000044,0.07000000000000006,-0.1782520325203253,NORMAL,GREEN
2015-12-31,-0.03,5.0,0.0,267.3333333333333,0.02264150943396226,False,False,NORMAL,4,2,-0.31,ELEVATED,3.23,0.06000000000000005,,,-0.36,0.3916,1.06,True,False,False,False,False,ELEVATED,0.1296641791044777,0.06803355079217144,2.11,NORMAL,0.10999999999999999,-0.020000000000000018,-0.1759875721260541,NORMAL,YELLOW
2016-01-31,-0.03,4.8,0.0,210.33333333333334,0.061320754716981174,False,False,NORMAL,4,2,-0.19,ELEVATED,3.48,0.25,,,-0.297,0.5542,0.97,True,False,False,False,False,ELEVATED,0.11630123927550051,0.006451612903225712,1.61,NORMAL,-0.24,-0.13000000000000012,-0.2776824034334765,NORMAL,YELLOW
2016-02-29,-0.03,4.9,0.10000000000000053,199.33333333333334,0.006603773584905603,False,False,NORMAL,4,1,-0.15,NORMAL,3.55,0.06999999999999984,,,-0.315,0.5678,0.97,True,True,False,False,False,SEVERE,0.03992901508429458,0.3826185101580135,1.41,NORMAL,-0.21000000000000002,0.010000000000000009,-0.19020529309918377,NORMAL,GREEN
2016-03-31,0.0,5.0,0.20000000000000018,195.0,0.0019029495718363432,False,False,NORMAL,4,1,-0.16,NORMAL,3.12,-0.3799999999999999,,,-0.368,0.1764,0.97,True,False,False,False,False,ELEVATED,0.042910447761194126,0.1572916666666666,1.57,NORMAL,-0.17,0.1100000000000001,-0.005117155938594298,NORMAL,GREEN
2016-04-30,0.03,5.1,0.2999999999999998,214.66666666666666,0.0057088487155090295,False,False,NORMAL,4,2,-0.22,ELEVATED,2.86,-0.2400000000000002,,,-0.383,0.0783,0.92,True,False,False,False,False,ELEVATED,-0.005145797598627766,-0.02268907563025213,1.61,NORMAL,-0.05000000000000002,0.08999999999999986,0.36601307189542487,ELEVATED,YELLOW
2016-05-31,-0.03,4.8,0.0,164.66666666666666,0.044719314938154175,False,False,NORMAL,4,3,-0.26,SEVERE,2.84,-0.020000000000000018,,,-0.372,0.0064,0.92,True,False,False,False,False,ELEVATED,-0.05267295597484278,0.06394810009267848,1.5,NORMAL,0.09999999999999998,-0.1399999999999999,0.4996945632254124,ELEVATED,YELLOW
2016-06-30,-0.03,4.9,0.10000000000000053,161.66666666666666,0.009514747859181716,False,False,NORMAL,4,2,-0.11,ELEVATED,2.92,0.08999999999999986,,,-0.345,0.2661,0.92,True,False,False,False,False,ELEVATED,-0.12400290065264685,-0.0016597510373443924,1.23,ELEVATED,-0.18000000000000002,-0.14000000000000012,0.3067135896047646,ELEVATED,YELLOW
2016-07-31,-0.03,4.8,0.0,222.0,0.01263362487852282,False,False,NORMAL,4,1,-0.06,NORMAL,2.71,-0.20999999999999996,,,-0.356,0.2483,0.87,True,False,False,False,False,ELEVATED,0.050877192982456076,0.08115183246073299,1.18,NORMAL,-0.12,0.09000000000000008,-0.09656372335798169,NORMAL,GREEN
2016-08-31,0.07,4.9,0.10000000000000053,253.66666666666666,0.024295432458697697,False,False,NORMAL,4,0,-0.02,NORMAL,2.61,-0.1499999999999999,,,-0.351,0.2816,0.87,True,False,False,False,False,ELEVATED,0.03090128755364807,0.036283185840708,1.25,NORMAL,0.020000000000000004,0.010000000000000009,-0.09002036659877799,NORMAL,GREEN
2016-09-30,0.1,5.0,0.20000000000000018,273.3333333333333,0.0,False,False,NORMAL,4,1,-0.09,NORMAL,2.69,0.06999999999999984,,,-0.336,0.3265,0.87,True,False,False,False,False,ELEVATED,0.13898601398601396,-0.12745098039215685,1.31,ELEVATED,-0.12,0.15000000000000013,-0.011394240729231453,NORMAL,YELLOW
2016-10-31,0.1,4.9,0.10000000000000053,181.66666666666666,0.04233870967741926,False,False,NORMAL,4,1,-0.12,NORMAL,2.61,-0.08000000000000007,,,-0.377,0.1149,0.85,True,False,False,False,False,ELEVATED,0.08103448275862069,0.24102079395085063,1.5,NORMAL,0.11,0.1299999999999999,0.12734713529128538,NORMAL,GREEN
2016-11-30,0.0,4.7,0.0,174.0,0.0,False,False,NORMAL,4,1,-0.12,NORMAL,2.45,-0.1599999999999997,,,-0.427,-0.1085,0.85,False,False,False,False,False,NORMAL,-0.0112540192926045,-0.027303754266211566,1.89,NORMAL,0.32,0.20999999999999996,0.10586392121754695,NORMAL,GREEN
2016-12-31,-0.07,4.7,0.0,147.0,0.032619775739041845,False,False,NORMAL,4,0,0.03,NORMAL,2.28,-0.14000000000000012,,,-0.464,-0.0432,0.85,False,False,False,False,False,NORMAL,0.030553261767134687,0.0924956369982548,1.94,NORMAL,0.020000000000000018,-0.020000000000000018,0.12636211232187766,NORMAL,GREEN
2017-01-31,0.0,4.7,0.0,187.66666666666666,0.0,False,False,NORMAL,4,0,0.02,NORMAL,2.23,-0.04999999999999982,,,-0.484,-0.1929,0.78,False,False,False,False,False,NORMAL,0.11272416737830904,0.08974358974358965,1.93,NORMAL,-0.09999999999999998,0.09999999999999987,0.12641469143711292,NORMAL,GREEN
2017-02-28,0.03,4.6,0.0,221.0,0.0,False,False,NORMAL,4,0,0.06,NORMAL,2.19,-0.020000000000000018,,,-0.485,-0.2114,0.78,False,False,False,False,False,NORMAL,0.05290102389078499,0.03755102040816327,1.83,NORMAL,-0.07999999999999996,-0.04999999999999982,0.09289617486338808,NORMAL,GREEN
2017-03-31,-0.03,4.4,0.0,187.33333333333334,0.016304347826086918,False,False,NORMAL,4,2,-0.06,ELEVATED,2.24,0.08000000000000007,,,-0.478,-0.4016,0.78,False,False,False,False,False,NORMAL,0.13774597495527718,0.07110711071107101,1.64,NORMAL,-0.020000000000000018,-0.07000000000000006,-0.0597209302325582,NORMAL,GREEN
2017-04-30,-0.13,4.4,0.0,182.33333333333334,0.019889502762430844,False,False,NORMAL,4,1,0.09,NORMAL,2.28,0.04999999999999982,,,-0.505,-0.5785,0.77,False,False,False,False,False,NORMAL,0.07844827586206904,-0.014617368873602765,1.49,NORMAL,-0.09000000000000002,-0.040000000000000036,-0.06521327014218004,NORMAL,GREEN
2017-05-31,-0.13,4.4,0.0,178.0,0.056353591160221095,False,False,NORMAL,4,1,0.13,NORMAL,2.23,-0.06999999999999984,,,-0.544,-0.6491,0.77,False,False,False,False,False,NORMAL,0.0024896265560165887,0.007839721254355503,1.23,NORMAL,-0.009999999999999953,-0.06999999999999984,-0.1057407407407408,NORMAL,GREEN
2017-06-30,-0.03,4.3,0.0,204.33333333333334,0.09613259668508278,False,False,NORMAL,4,0,0.17,NORMAL,2.09,-0.15000000000000036,,,-0.568,-0.5551,0.77,False,False,False,False,False,NORMAL,0.12003311258278138,0.038237738985868575,1.28,NORMAL,0.21999999999999997,-0.06000000000000005,-0.08943411159477632,NORMAL,GREEN
2017-07-31,-0.03,4.3,0.0,199.0,0.10276243093922655,False,False,NORMAL,4,0,0.01,NORMAL,2.06,-0.029999999999999805,,,-0.575,-0.7166,0.77,False,False,False,False,False,NORMAL,0.048414023372287174,-0.0266343825665859,1.23,NORMAL,-0.09999999999999998,0.09000000000000008,0.018251875887243862,NORMAL,GREEN
2017-08-31,0.03,4.4,0.10000000000000053,179.66666666666666,0.09502762430939216,False,False,NORMAL,4,1,0.0,NORMAL,2.14,0.0900000000000003,,,-0.558,-0.4546,0.77,False,False,False,False,False,NORMAL,0.09825145711906735,-0.010247651579846306,1.11,NORMAL,-0.10000000000000003,-0.020000000000000018,-0.02132946779871614,NORMAL,GREEN
2017-09-30,-0.03,4.3,0.0,141.66666666666666,0.17679558011049723,True,False,ELEVATED,4,1,0.01,NORMAL,2.0,-0.14000000000000012,,,-0.568,-0.6579,0.77,False,False,False,False,False,NORMAL,-0.023023791250959325,0.10580524344569286,1.27,NORMAL,0.13,0.08000000000000007,0.12277270751847014,NORMAL,GREEN
2017-10-31,-0.07,4.2,0.0,125.66666666666667,0.0707182320441988,False,False,NORMAL,4,0,0.25,NORMAL,1.91,-0.08000000000000007,,,-0.594,-0.7408,0.75,False,False,False,False,False,NORMAL,0.08133971291866038,-0.04265041888804266,1.23,NORMAL,-0.010000000000000009,0.04999999999999982,0.08265285799641497,NORMAL,GREEN
2017-11-30,-0.1,4.2,0.0,151.0,0.09502762430939216,False,False,NORMAL,4,0,0.32,NORMAL,1.88,-0.030000000000000027,,,-0.602,-0.821,0.75,False,False,False,False,False,NORMAL,0.056097560975609806,0.1166666666666667,1.15,NORMAL,0.07000000000000006,-0.019999999999999796,0.21455776555226413,NORMAL,GREEN
2017-12-31,-0.03,4.1,0.0,171.66666666666666,0.07403314917127068,False,False,NORMAL,4,0,0.33,NORMAL,1.77,-0.10999999999999988,,,-0.615,-0.5019,0.75,False,False,False,False,False,NORMAL,0.05048076923076916,-0.05990415335463262,1.01,NORMAL,-0.12000000000000005,0.09999999999999987,0.17011805689955484,NORMAL,GREEN
2018-01-31,0.0,4.0,0.0,170.33333333333334,0.03977900552486191,False,False,NORMAL,4,0,0.07,NORMAL,1.56,-0.21999999999999997,,,-0.605,-0.6573,0.74,False,False,False,False,False,NORMAL,0.01074443591711427,0.09159663865546208,1.26,NORMAL,0.14999999999999997,0.10999999999999988,0.1924208977189108,NORMAL,GREEN
2018-02-28,0.0,4.1,0.09999999999999964,227.33333333333334,0.0,False,False,NORMAL,4,1,0.15,NORMAL,1.68,0.08999999999999986,,,-0.543,-0.339,0.74,False,False,False,False,False,NORMAL,0.07050243111831445,0.00472069236821393,1.22,NORMAL,0.12,0.020000000000000018,0.07020905923344944,NORMAL,GREEN
2018-03-31,0.0,4.0,0.0,252.33333333333334,0.019230769230769162,False,False,NORMAL,4,1,0.12,NORMAL,1.85,0.13000000000000012,,,-0.496,0.3453,0.74,True,False,False,False,False,ELEVATED,0.08883647798742134,0.1075630252100841,1.01,NORMAL,-0.020000000000000018,-0.050000000000000266,0.07294078729738684,NORMAL,GREEN
2018-04-30,-0.07,4.0,0.0,253.33333333333334,0.002262443438914019,False,False,NORMAL,4,0,0.32,NORMAL,1.79,-0.07000000000000006,,,-0.538,-0.0316,0.72,False,False,False,False,False,NORMAL,0.10151878497202249,0.11343804537521818,1.08,NORMAL,0.09999999999999998,0.1200000000000001,0.0576982412835545,NORMAL,GREEN
2018-05-31,-0.1,3.8,0.0,229.33333333333334,0.042402826855123754,False,False,NORMAL,4,0,0.12,NORMAL,1.89,0.05999999999999983,,,-0.564,-0.2257,0.72,False,False,False,False,False,NORMAL,0.10761589403973515,0.1728608470181503,0.9,NORMAL,-0.040000000000000036,-0.10000000000000009,0.09034673612241573,NORMAL,GREEN
2018-06-30,-0.03,4.0,0.20000000000000018,226.66666666666666,0.04829210836277964,False,False,NORMAL,4,0,0.16,NORMAL,1.99,0.09000000000000008,,,-0.538,-0.056,0.72,False,False,False,False,False,NORMAL,-0.00591278640059123,-0.04563650920736584,0.92,NORMAL,-0.06000000000000005,0.020000000000000018,0.1427470325265916,NORMAL,GREEN
2018-07-31,0.0,3.8,0.0,200.0,0.0,False,False,NORMAL,4,0,0.04,NORMAL,1.83,-0.1399999999999999,,,-0.561,-0.5411,0.7,False,False,False,False,False,NORMAL,0.06210191082802541,0.0016583747927032544,0.93,NORMAL,0.10999999999999999,-0.020000000000000018,0.019253208868144522,NORMAL,GREEN
2018-08-31,0.03,3.8,0.0,178.33333333333334,0.004819277108433662,False,False,NORMAL,4,0,0.19,NORMAL,1.92,0.07999999999999985,,,-0.597,-0.6727,0.7,False,False,False,False,False,NORMAL,-0.03487490523123582,0.1113028472821398,0.75,NORMAL,-0.04999999999999993,-0.040000000000000036,0.04269931322782927,NORMAL,GREEN
2018-09-30,-0.07,3.7,0.0,132.66666666666666,0.011029411764705843,False,False,NORMAL,4,0,0.12,NORMAL,1.84,-0.05999999999999983,,,-0.592,-0.7475,0.7,False,False,False,False,False,NORMAL,0.03220738413197166,0.058425063505503916,0.86,NORMAL,0.15000000000000002,0.040000000000000036,-0.013085120733845934,NORMAL,GREEN
2018-10-31,-0.07,3.8,0.09999999999999964,169.0,0.044117647058823595,False,False,NORMAL,4,0,0.03,NORMAL,2.03,0.18999999999999972,,,-0.551,-0.2057,0.71,False,False,False,False,False,NORMAL,-0.06194690265486724,-0.02863961813842486,0.81,NORMAL,0.17000000000000004,-0.07000000000000028,-0.06539782484258716,NORMAL,GREEN
2018-11-30,-0.07,3.8,0.09999999999999964,113.33333333333333,0.10416666666666674,False,False,NORMAL,4,1,-0.06,NORMAL,2.27,0.2400000000000002,,,-0.46,-0.1399,0.71,False,False,False,False,False,NORMAL,0.03156274056966901,-0.07227022780832681,0.64,NORMAL,-0.06000000000000005,-0.07999999999999985,-0.27290950744558995,NORMAL,GREEN
2018-12-31,0.07,3.9,0.19999999999999973,150.33333333333334,0.09191176470588225,False,False,NORMAL,4,3,-0.11,SEVERE,2.45,0.1900000000000004,,,-0.426,0.6785,0.71,True,False,False,False,False,ELEVATED,0.004576659038901587,-0.06966864910790149,0.24,NORMAL,-0.07000000000000006,-0.27,-0.38285948605795517,NORMAL,YELLOW
2019-01-31,0.13,4.0,0.2999999999999998,177.66666666666666,0.09191176470588225,False,False,NORMAL,4,2,-0.16,ELEVATED,2.38,-0.07000000000000028,,,-0.506,-0.1168,0.69,False,False,False,False,False,NORMAL,-0.04783599088838264,-0.0561970746728252,0.22,NORMAL,-0.17999999999999994,0.15000000000000013,-0.17562394732812736,NORMAL,GREEN
2019-02-28,0.17,3.8,0.09999999999999964,150.0,0.09068627450980382,False,False,NORMAL,4,3,-0.3,SEVERE,2.22,-0.1499999999999999,,,-0.58,-0.5158,0.69,False,False,False,False,False,NORMAL,-0.026495079485238437,-0.1221613155833986,0.28,ELEVATED,-0.07999999999999996,0.10999999999999988,0.12662465537613232,NORMAL,YELLOW
2019-03-31,0.13,3.8,0.09999999999999964,162.0,0.03308823529411775,False,False,NORMAL,4,2,-0.29,ELEVATED,2.26,0.03999999999999959,,,-0.605,-0.3057,0.69,False,False,False,False,False,NORMAL,-0.06498194945848379,-0.09635811836115327,0.01,NORMAL,-0.27,-0.08000000000000007,0.3331118493909191,ELEVATED,YELLOW
2019-04-30,0.0,3.7,0.0,177.0,0.04094292803970223,False,False,NORMAL,4,2,-0.34,ELEVATED,2.14,-0.10000000000000009,,,-0.613,-0.6264,0.67,False,False,False,False,False,NORMAL,-0.04063860667634256,-0.0031347962382445305,0.08,NORMAL,-0.029999999999999916,0.050000000000000044,0.18554977711738463,NORMAL,GREEN
2019-05-31,-0.07,3.6,0.0,183.66666666666666,0.08436724565756815,False,False,NORMAL,4,2,-0.2,ELEVATED,2.37,0.25,,,-0.58,-0.1707,0.67,False,False,False,False,False,NORMAL,0.006726457399103047,-0.04716285924834196,-0.21,NORMAL,-0.26,-0.1499999999999999,-0.06502359727320395,NORMAL,GREEN
2019-06-30,-0.03,3.6,0.0,181.0,0.12034739454094301,False,False,NORMAL,4,2,-0.15,ELEVATED,2.31,-0.06000000000000005,,,-0.574,-0.3278,0.67,False,False,False,False,False,NORMAL,-0.03420074349442381,0.04278523489932895,-0.12,NORMAL,-0.09000000000000002,-0.050000000000000044,-0.03306197042698111,NORMAL,GREEN
2019-07-31,0.03,3.7,0.10000000000000009,115.33333333333333,0.03473945409429291,False,False,NORMAL,4,1,-0.1,NORMAL,2.13,-0.16000000000000014,,,-0.576,-0.4838,0.69,False,False,False,False,False,NORMAL,0.033733133433283324,0.026490066225165476,-0.06,ELEVATED,-0.07,0.1100000000000001,-0.08303305655647808,NORMAL,GREEN
2019-08-31,0.07,3.6,0.0,183.66666666666666,0.05086848635235741,False,False,NORMAL,4,0,-0.05,NORMAL,2.26,0.07999999999999963,,,-0.526,-0.0405,0.69,False,False,False,False,False,NORMAL,0.16417910447761197,0.06754658385093171,-0.49,ELEVATED,-0.25,-0.10999999999999988,0.029538231445129792,NORMAL,GREEN
2019-09-30,0.0,3.5,0.0,175.66666666666666,0.03970223325062028,False,False,NORMAL,4,1,-0.21,NORMAL,2.2,-0.05999999999999961,,,-0.51,0.1137,0.69,True,False,False,False,False,ELEVATED,0.11796042617960434,0.048799999999999955,-0.2,ELEVATED,0.2,-0.020000000000000018,-0.0706185567010309,NORMAL,YELLOW
2019-10-31,-0.03,3.6,0.10000000000000009,174.33333333333334,0.053349875930521096,False,False,NORMAL,4,2,-0.35,ELEVATED,2.18,-0.07999999999999963,,,-0.549,-0.1257,0.67,False,False,False,False,False,NORMAL,0.19732704402515733,0.08517608517608521,0.15,NORMAL,0.04999999999999999,0.040000000000000036,-0.07705450196480434,NORMAL,GREEN
2019-11-30,-0.07,3.6,0.10000000000000009,166.0,0.12655086848635233,False,False,NORMAL,4,2,-0.34,ELEVATED,2.08,-0.08999999999999986,,,-0.569,-0.1853,0.67,False,False,False,False,False,NORMAL,0.1455223880597014,0.1456392887383573,0.19,NORMAL,-0.03999999999999998,0.040000000000000036,0.05538405665516599,NORMAL,GREEN
2019-12-31,0.0,3.6,0.10000000000000009,143.0,0.1712158808933002,True,False,ELEVATED,4,2,-0.31,ELEVATED,1.98,-0.1299999999999999,,,-0.553,-0.1779,0.67,False,False,False,False,False,NORMAL,0.09567198177676528,0.41369863013698627,0.37,NORMAL,-0.03,0.1200000000000001,0.13033832501386566,NORMAL,ORANGE
2020-01-31,0.0,3.6,0.10000000000000009,190.33333333333334,0.0694789081885856,False,False,NORMAL,4,2,-0.14,ELEVATED,2.13,0.1499999999999999,,,-0.62,-0.1127,0.83,False,False,False,False,False,NORMAL,0.18819776714513559,0.2895595432300162,-0.04,NORMAL,-0.22000000000000003,-0.15000000000000013,-0.04516845612736031,NORMAL,GREEN
2020-02-29,0.0,3.5,0.0,208.66666666666666,0.04714640198511155,False,False,NORMAL,4,2,-0.18,ELEVATED,2.38,0.2999999999999998,,,-0.295,0.6808,0.83,True,False,False,False,False,ELEVATED,0.13608087091757382,0.38180196253345233,-0.14,NORMAL,-0.21000000000000002,-0.22999999999999998,-0.2286648313833448,NORMAL,YELLOW
2020-03-31,0.3,4.4,0.9000000000000004,-299.6666666666667,10.589330024813895,False,False,ELEVATED,4,4,-1.52,SEVERE,3.93,1.4500000000000002,,,0.267,5.386,0.83,True,True,False,False,False,SEVERE,0.043243243243243246,0.06297229219143574,0.59,NORMAL,0.26,-0.58,-0.6645403990840693,NORMAL,RED
2020-04-30,4.0,14.8,11.3,-7201.666666666667,21.555018137847643,True,True,SEVERE,4,4,-7.55,SEVERE,3.23,-0.7400000000000002,,,0.159,2.4255,0.92,True,True,False,False,False,SEVERE,-0.18381240544629351,-0.26415094339622647,0.55,SEVERE,-0.14,0.16000000000000003,-0.6271810779371849,NORMAL,RED
2020-05-31,7.27,13.2,9.7,-6417.666666666667,8.759371221281741,True,True,SEVERE,4,4,-5.99,SEVERE,3.08,-0.1499999999999999,,,-0.269,0.2195,0.92,True,False,False,False,False,ELEVATED,-0.07126948775055675,-0.1964423820572312,0.51,ELEVATED,-0.07,0.07999999999999985,-0.20655810840954714,NORMAL,RED
2020-06-30,9.5,11.0,7.5,-4408.0,6.207980652962515,True,False,SEVERE,4,2,-2.42,SEVERE,2.93,-0.1499999999999999,,,-0.385,0.5202,0.92,True,False,False,False,False,ELEVATED,0.026173979984603468,0.018503620273531807,0.5,NORMAL,-0.18000000000000005,0.16000000000000014,0.9146757679180888,SEVERE,RED
2020-07-31,8.0,10.2,6.699999999999999,2943.0,5.691656590084643,True,False,SEVERE,4,0,4.58,NORMAL,2.6,-0.27,,,-0.475,-0.0574,1.01,True,False,False,False,False,ELEVATED,0.11602610587382167,0.23064516129032264,0.46,NORMAL,-0.27,0.14000000000000012,1.0852834113364533,SEVERE,ORANGE
2020-08-31,6.37,8.4,4.9,2593.6666666666665,3.3091787439613523,True,False,SEVERE,4,0,3.41,NORMAL,2.67,0.040000000000000036,,,-0.507,-0.2545,1.01,True,False,False,False,False,ELEVATED,0.03508771929824572,0.015272727272727327,0.61,NORMAL,-0.06000000000000005,0.21999999999999997,0.19791959516446433,NORMAL,ORANGE
2020-09-30,5.3,7.8,4.3,1366.3333333333333,3.1147342995169085,True,False,SEVERE,4,0,1.47,NORMAL,2.75,0.08000000000000007,,,-0.492,0.2669,1.01,True,False,False,False,False,ELEVATED,0.12321307011572502,0.1235697940503433,0.59,NORMAL,0.14000000000000012,-0.13000000000000012,0.019862490450725634,NORMAL,ORANGE
2020-10-31,4.2,6.9,3.4000000000000004,1068.3333333333333,2.8550724637681157,True,False,SEVERE,4,0,0.93,NORMAL,2.61,-0.14000000000000012,,,-0.507,0.4034,1.15,True,False,False,False,False,ELEVATED,0.0584372948128693,0.16452830188679246,0.79,NORMAL,0.13,0.07000000000000006,-0.11122194513715711,NORMAL,ORANGE
2020-11-30,3.63,6.7,3.2,637.3333333333334,2.6292270531400965,True,False,SEVERE,4,0,0.6,NORMAL,2.29,-0.31999999999999984,,,-0.567,-0.3825,1.15,False,False,False,False,False,NORMAL,0.10228013029315952,0.14042867701404282,0.76,NORMAL,-0.07000000000000006,0.06000000000000005,0.06078385355550342,NORMAL,GREEN
2020-12-31,3.23,6.7,3.2,259.3333333333333,3.042270531400966,True,False,SEVERE,4,0,0.66,NORMAL,2.18,-0.06000000000000005,,,-0.604,-0.4049,1.15,False,False,False,False,False,NORMAL,0.21621621621621623,0.04263565891472876,0.84,NORMAL,-0.16000000000000003,0.1399999999999999,0.20724094881398258,NORMAL,GREEN
2021-01-31,3.03,6.4,2.9000000000000004,134.33333333333334,3.028985507246377,True,False,SEVERE,4,1,0.61,NORMAL,2.17,-0.03000000000000025,,,-0.618,-0.2514,1.0,False,False,False,False,False,NORMAL,0.24563758389261747,0.02719797596457929,1.05,NORMAL,0.010000000000000009,0.16999999999999993,0.46352413019079663,ELEVATED,YELLOW
2021-02-28,2.87,6.2,1.7999999999999998,215.66666666666666,2.552941176470588,True,False,SEVERE,4,3,-0.1,SEVERE,2.12,-0.04999999999999982,,,-0.627,-0.436,1.0,False,False,False,False,False,NORMAL,0.1656399726214921,-0.09748224661071658,1.4,NORMAL,0.3500000000000001,0.020000000000000018,0.361725663716814,ELEVATED,RED
2021-03-31,2.33,6.1,0.0,561.3333333333334,0.0,False,False,SEVERE,4,0,0.47,NORMAL,2.03,-0.11000000000000032,,,-0.648,-0.6081,1.0,False,False,False,False,False,NORMAL,0.2997779422649889,0.33333333333333326,1.71,NORMAL,0.10999999999999999,0.16000000000000014,0.22419855222337115,NORMAL,GREEN
2021-04-30,-0.07,6.1,0.0,574.6666666666666,0.0,False,False,NORMAL,4,1,0.23,NORMAL,1.96,-0.020000000000000018,,,-0.682,-0.7938,0.93,False,False,False,False,False,NORMAL,0.5848007414272474,0.5908119658119657,1.64,NORMAL,-0.12,0.050000000000000266,0.2174079754601228,NORMAL,GREEN
2021-05-31,-0.13,5.8,0.0,561.6666666666666,0.0,False,False,NORMAL,4,0,0.92,NORMAL,1.99,0.030000000000000027,,,-0.694,-0.7961,0.93,False,False,False,False,False,NORMAL,0.3629096722621903,0.5399422521655437,1.57,NORMAL,-0.07999999999999996,0.009999999999999787,0.07733549959382624,NORMAL,GREEN
2021-06-30,-0.03,5.9,0.10000000000000053,529.3333333333334,0.0,False,False,NORMAL,4,1,0.23,NORMAL,1.87,-0.10999999999999988,,,-0.687,-0.7912,0.93,False,False,False,False,False,NORMAL,0.2468117029257315,0.3143759873617693,1.4,NORMAL,-0.020000000000000018,-0.1200000000000001,0.24210170636931916,NORMAL,GREEN
2021-07-31,-0.23,5.4,0.0,725.0,0.013708019191226883,False,False,NORMAL,4,1,0.44,NORMAL,1.95,0.08999999999999986,,,-0.656,-0.7531,0.88,False,False,False,False,False,NORMAL,0.08252111760883696,0.04849279161205766,1.18,NORMAL,-0.2899999999999999,0.04999999999999982,0.1642519685039372,NORMAL,GREEN
2021-08-31,-0.2,5.1,0.0,749.6666666666666,0.0,False,False,NORMAL,4,1,0.35,NORMAL,1.94,-0.030000000000000027,,,-0.647,-0.7574,0.88,False,False,False,False,False,NORMAL,0.13428943937418514,0.14326647564469908,1.26,NORMAL,0.15999999999999992,-0.04999999999999982,0.03197104509123827,NORMAL,GREEN
2021-09-30,-0.37,4.7,0.0,650.3333333333334,0.022334293948126804,False,False,NORMAL,4,2,0.19,ELEVATED,1.85,-0.06999999999999984,,,-0.654,-0.5348,0.88,False,False,False,False,False,NORMAL,-0.00060606060606061,0.06992532247114736,1.48,NORMAL,0.18000000000000005,0.03000000000000025,0.023122959738846705,NORMAL,GREEN
2021-10-31,-0.27,4.5,0.0,603.3333333333334,0.0,False,False,NORMAL,4,1,0.25,NORMAL,1.69,-0.16000000000000014,,,-0.622,-0.7992,0.78,False,False,False,False,False,NORMAL,0.05397022332506207,0.028515878159429686,1.5,NORMAL,-0.10999999999999999,0.13999999999999968,0.12944677397538196,NORMAL,GREEN
2021-11-30,-0.33,4.1,0.0,638.6666666666666,0.0,False,False,NORMAL,4,0,0.49,NORMAL,1.81,0.1200000000000001,,,-0.552,-0.4799,0.78,False,False,False,False,False,NORMAL,0.046099290780141855,0.10628645495787437,1.38,NORMAL,-0.1100000000000001,-0.009999999999999787,-0.03346485459593751,NORMAL,GREEN
2021-12-31,-0.27,3.9,0.0,681.6666666666666,0.0,False,False,NORMAL,4,0,0.59,NORMAL,1.85,0.040000000000000036,,,-0.557,-0.7618,0.78,False,False,False,False,False,NORMAL,0.07464387464387467,0.06009913258983901,1.46,NORMAL,-0.010000000000000009,0.08999999999999986,0.0014623770273862746,NORMAL,GREEN
2022-01-31,-0.2,4.0,0.10000000000000009,478.0,0.11791907514450872,False,False,NORMAL,4,3,0.26,SEVERE,1.93,0.07999999999999985,,,-0.542,-0.1926,0.75,False,False,False,False,False,NORMAL,0.036099137931034475,0.04248768472906406,1.57,NORMAL,0.39,-0.1200000000000001,0.06778443113772448,NORMAL,GREEN
2022-02-28,-0.13,3.9,0.0,531.6666666666666,0.012716763005780285,False,False,NORMAL,4,3,0.18,SEVERE,2.34,0.42999999999999994,,,-0.439,0.0019,0.75,True,False,False,False,False,ELEVATED,0.08396946564885499,0.23748211731044355,1.48,NORMAL,-0.13,0.18000000000000016,0.4534321136982158,ELEVATED,YELLOW
2022-03-31,-0.1,3.7,0.0,499.6666666666667,0.007025761124121788,False,False,NORMAL,4,1,0.26,NORMAL,1.93,-0.3100000000000003,,,-0.373,-0.6085,0.75,False,False,False,False,False,NORMAL,0.08143507972665143,0.007109004739336511,1.8,NORMAL,0.30999999999999994,0.1499999999999999,0.3345280764635603,ELEVATED,GREEN
2022-04-30,-0.13,3.7,0.0,539.0,0.0047225501770955525,False,False,NORMAL,4,2,0.28,ELEVATED,2.05,0.11999999999999988,,,-0.336,0.1913,0.72,True,False,False,False,False,ELEVATED,0.0812865497076023,0.21356615177971783,2.04,NORMAL,0.53,0.040000000000000036,0.17305966801256178,ELEVATED,YELLOW
2022-05-31,-0.07,3.6,0.0,366.3333333333333,0.0,False,False,NORMAL,4,2,0.01,ELEVATED,2.18,0.10000000000000009,,,-0.259,0.296,0.72,True,False,False,False,False,ELEVATED,0.0035190615835776207,-0.03374999999999995,1.69,NORMAL,0.03,-0.16999999999999993,0.18984708207635492,NORMAL,YELLOW
2022-06-30,0.0,3.6,0.0,347.6666666666667,0.01918465227817756,False,False,NORMAL,4,3,-0.22,SEVERE,2.31,0.22999999999999998,,,-0.172,0.3947,0.72,True,False,False,False,False,ELEVATED,0.038507821901323736,-0.06490384615384615,1.26,NORMAL,0.36000000000000004,-0.31999999999999984,0.07191883019994028,NORMAL,YELLOW
2022-07-31,-0.03,3.5,0.0,483.0,0.05155875299760182,False,False,NORMAL,4,2,-0.15,ELEVATED,2.36,0.04999999999999982,,,-0.219,-0.1754,0.63,False,False,False,False,False,NORMAL,0.024609843937575038,-0.13624999999999998,0.26,ELEVATED,-0.51,0.19999999999999973,-0.03136055072186639,NORMAL,YELLOW
2022-08-31,0.03,3.6,0.10000000000000009,479.3333333333333,0.0383693045563549,False,False,NORMAL,4,1,0.0,NORMAL,2.18,-0.10999999999999988,,,-0.225,-0.2043,0.63,False,False,False,False,False,NORMAL,-0.10057471264367812,-0.040100250626566414,0.19,ELEVATED,0.44000000000000006,-0.020000000000000018,-0.21236230110159116,NORMAL,GREEN
2022-09-30,0.0,3.5,0.0,408.0,0.0,False,False,NORMAL,4,0,0.08,NORMAL,2.24,0.020000000000000018,,,-0.107,0.5178,0.63,True,False,False,False,False,ELEVATED,-0.03820497271073375,-0.06027918781725883,0.5,NORMAL,0.8699999999999999,-0.30000000000000027,-0.2584446919079436,ELEVATED,YELLOW
2022-10-31,0.07,3.6,0.10000000000000009,289.0,0.025316455696202445,False,False,NORMAL,4,0,0.03,NORMAL,2.28,0.03999999999999959,,,-0.125,-0.2824,0.69,False,False,False,False,False,NORMAL,-0.06827545615067687,-0.08884688090737236,-0.12,NORMAL,-0.09999999999999987,0.3700000000000001,-0.145790149047478,ELEVATED,GREEN
2022-11-30,0.07,3.6,0.10000000000000009,293.3333333333333,0.06708860759493662,False,False,NORMAL,4,3,-0.19,SEVERE,2.15,-0.1299999999999999,,,-0.18,-0.2151,0.69,False,False,False,False,False,NORMAL,-0.19548022598870052,-0.15992970123022843,-0.69,ELEVATED,-0.24,-0.18000000000000016,-0.10667110667110669,NORMAL,YELLOW
2022-12-31,0.03,3.5,0.0,253.33333333333334,0.05316455696202538,False,False,NORMAL,4,2,-0.34,ELEVATED,1.99,-0.09999999999999987,,,-0.223,-0.0406,0.69,False,False,False,False,False,NORMAL,-0.2587486744432662,-0.2425482174167154,-0.54,SEVERE,0.41000000000000014,-0.06000000000000005,0.0031285195845325298,NORMAL,YELLOW
2023-01-31,-0.07,3.5,0.0,279.0,0.03544303797468351,False,False,NORMAL,4,1,-0.17,NORMAL,1.9,-0.09000000000000008,,,-0.307,-0.5061,0.78,False,False,False,False,False,NORMAL,-0.26261050442017686,-0.19787359716479624,-1.18,SEVERE,-0.30000000000000004,-0.05999999999999961,-0.08770510746475624,NORMAL,GREEN
2023-02-28,0.0,3.6,0.10000000000000009,274.6666666666667,0.08734177215189876,False,False,NORMAL,4,1,-0.11,NORMAL,1.9,0.029999999999999805,,,-0.27,-0.2306,0.78,False,False,False,False,False,NORMAL,-0.13055254604550381,-0.1936416184971098,-0.96,ELEVATED,0.22999999999999998,0.14000000000000012,-0.04473161033797224,NORMAL,GREEN
2023-03-31,0.0,3.5,0.0,264.0,0.1594936708860759,False,False,NORMAL,4,1,-0.09,NORMAL,2.11,0.31999999999999984,,,-0.152,-0.268,0.78,False,False,False,False,False,NORMAL,-0.224855186940495,-0.19647058823529406,-1.37,SEVERE,-0.29000000000000004,-0.20000000000000018,-0.055888223552894134,NORMAL,GREEN
2023-04-30,0.0,3.4,0.0,199.66666666666666,0.09493670886075956,False,False,NORMAL,4,1,-0.27,NORMAL,2.08,-0.029999999999999805,,,-0.19,-0.2783,0.85,False,False,False,False,False,NORMAL,-0.1984856679286101,-0.25677919203099064,-1.66,SEVERE,0.10000000000000009,-0.13999999999999968,-0.02748575047498414,NORMAL,GREEN
2023-05-31,0.03,3.6,0.20000000000000018,196.33333333333334,0.14430379746835453,False,False,NORMAL,4,0,-0.18,NORMAL,2.16,0.0,,,-0.213,-0.3244,0.85,False,False,False,False,False,NORMAL,-0.07714786674459384,0.0407503234152653,-1.88,ELEVATED,0.21999999999999997,-0.020000000000000018,-0.11407388137356911,NORMAL,GREEN
2023-06-30,0.07,3.6,0.20000000000000018,248.66666666666666,0.26962025316455707,True,False,ELEVATED,4,1,-0.19,NORMAL,1.88,-0.27,,,-0.228,-0.6917,0.85,False,False,False,False,False,NORMAL,-0.16164542294322137,-0.08740359897172234,-1.62,ELEVATED,0.14000000000000012,0.06000000000000005,-0.0663319238900636,NORMAL,YELLOW
2023-07-31,0.1,3.5,0.10000000000000009,222.66666666666666,0.1746835443037975,True,False,ELEVATED,4,1,-0.15,NORMAL,1.77,-0.10999999999999988,,,-0.28,-0.7576,1.06,False,False,False,False,False,NORMAL,-0.1036906854130053,0.05933429811866864,-1.58,ELEVATED,0.010000000000000009,0.1499999999999999,0.06538160979421725,NORMAL,YELLOW
2023-08-31,0.13,3.7,0.30000000000000027,202.0,0.240506329113924,True,True,ELEVATED,4,1,-0.15,NORMAL,1.83,-0.010000000000000009,,,-0.334,-0.6736,1.06,False,False,False,False,False,NORMAL,0.019808306709265144,-0.1377284595300261,-1.47,ELEVATED,0.020000000000000018,-0.1299999999999999,0.22669211569519887,NORMAL,YELLOW
2023-09-30,0.2,3.7,0.30000000000000027,179.0,0.08635794743429281,False,False,NORMAL,4,0,-0.02,NORMAL,1.78,-0.050000000000000044,4.03,,-0.313,-0.5002,1.06,False,False,False,False,False,NORMAL,-0.035308953341740223,-0.07562457798784605,-0.96,ELEVATED,0.3900000000000001,0.10999999999999988,0.28460232097367677,ELEVATED,YELLOW
2023-10-31,0.33,3.9,0.5,177.66666666666666,0.04213135068153662,False,False,ELEVATED,4,1,-0.24,NORMAL,1.85,0.07000000000000006,4.42,0.3099999999999996,-0.286,-0.3384,1.16,False,False,False,False,False,NORMAL,-0.03727100442198361,-0.0456431535269709,-0.71,ELEVATED,0.1200000000000001,0.06999999999999984,-0.0019559902200488866,NORMAL,YELLOW
2023-11-30,0.3,3.7,0.30000000000000027,147.33333333333334,0.0660146699266504,False,False,ELEVATED,4,0,-0.14,NORMAL,1.67,-0.24,3.84,-0.6299999999999999,-0.321,-0.7228,1.16,False,False,False,False,False,NORMAL,0.0625,0.06136680613668055,-1.08,ELEVATED,-0.21999999999999975,-0.18000000000000016,-0.0944344703770198,NORMAL,YELLOW
2023-12-31,0.23,3.8,0.3999999999999999,146.66666666666666,0.007334963325183352,False,False,NORMAL,4,1,-0.17,NORMAL,1.61,-0.05999999999999983,3.34,-0.5,-0.366,-0.4087,1.16,False,False,False,False,False,NORMAL,0.07367668097281821,0.16049382716049387,-1.52,ELEVATED,-0.42000000000000015,-0.06999999999999984,-0.20799823730307365,NORMAL,GREEN
2024-01-31,0.2,3.7,0.30000000000000027,152.0,0.04702970297029707,False,False,NORMAL,4,1,-0.32,NORMAL,1.61,-0.010000000000000009,3.59,0.04999999999999982,-0.396,-0.8275,1.21,False,False,False,False,False,NORMAL,0.09167842031029627,0.014727540500736325,-1.43,ELEVATED,-0.010000000000000009,0.04999999999999982,-0.0656540911317981,NORMAL,GREEN
2024-02-29,0.27,3.9,0.5,178.33333333333334,0.03960396039603964,False,False,NORMAL,4,2,-0.28,ELEVATED,1.55,-0.06000000000000005,3.29,-0.2999999999999998,-0.426,-0.6683,1.21,False,False,False,False,False,NORMAL,-0.02180685358255452,0.11469534050179209,-1.2,ELEVATED,0.18999999999999995,0.07000000000000028,0.047052603753634736,NORMAL,YELLOW
2024-03-31,0.3,3.9,0.5,203.0,0.06806930693069302,False,False,ELEVATED,4,2,-0.28,ELEVATED,1.5,-0.050000000000000044,3.12,-0.16999999999999993,-0.431,-0.9244,1.21,False,False,False,False,False,NORMAL,0.0033967391304348116,-0.05051244509516839,-1.26,ELEVATED,-0.040000000000000036,-0.010000000000000231,0.167895395743497,NORMAL,ORANGE
2024-04-30,0.37,3.9,0.3999999999999999,166.0,0.04084158415841577,False,False,ELEVATED,4,1,-0.08,NORMAL,1.44,-0.07000000000000006,3.18,-0.04999999999999982,-0.412,-0.8341,1.42,False,False,False,False,False,NORMAL,-0.01754385964912286,0.026805658972449686,-0.77,ELEVATED,0.2799999999999998,0.050000000000000266,0.09452018877818547,NORMAL,YELLOW
2024-05-31,0.37,3.9,0.3999999999999999,123.33333333333333,0.0990099009900991,False,False,ELEVATED,4,0,-0.12,NORMAL,1.46,-0.010000000000000009,3.2,0.040000000000000036,-0.407,-0.8496,1.42,False,False,False,False,False,NORMAL,-0.11019632678910707,-0.1740211311373524,-0.95,ELEVATED,-0.04999999999999982,-0.020000000000000018,-0.01577884372633176,NORMAL,YELLOW
2024-06-30,0.43,4.1,0.5999999999999996,76.33333333333333,0.17202970297029707,False,False,ELEVATED,4,0,-0.15,NORMAL,1.55,0.09000000000000008,3.18,-0.009999999999999787,-0.379,-0.8315,1.42,False,False,False,False,False,NORMAL,0.008293020041465038,-0.07183098591549297,-1.12,ELEVATED,-0.10999999999999988,-0.08000000000000007,-0.013458789899952306,NORMAL,YELLOW
2024-07-31,0.53,4.2,0.5,72.66666666666667,0.17450495049504955,True,False,SEVERE,4,1,-0.15,NORMAL,1.68,0.11999999999999988,3.25,0.020000000000000018,-0.359,-0.6179,1.51,False,False,False,False,False,NORMAL,-0.0535947712418301,-0.13319672131147542,-1.32,ELEVATED,-0.2799999999999998,-0.05999999999999961,-0.049467002036171936,NORMAL,YELLOW
2024-08-31,0.57,4.2,0.5,49.666666666666664,0.1373762376237624,False,False,SEVERE,4,1,-0.23,NORMAL,1.69,-0.1100000000000001,3.13,-0.5900000000000003,-0.39,-0.643,1.51,False,False,False,False,False,NORMAL,-0.06516290726817042,0.05526116578349738,-1.3,ELEVATED,0.0,0.10999999999999988,-0.04424778761061954,NORMAL,YELLOW
2024-09-30,0.5,4.1,0.39999999999999947,72.33333333333333,0.11138613861386149,False,False,SEVERE,4,1,-0.25,NORMAL,1.63,-0.06000000000000005,3.03,-0.10000000000000009,-0.426,-0.2664,1.51,False,False,False,False,False,NORMAL,-0.07124183006535945,-0.00876552227903582,-0.92,ELEVATED,-0.13000000000000012,0.03000000000000025,-0.16998671978751656,NORMAL,YELLOW
2024-10-31,0.43,4.1,0.39999999999999947,65.66666666666667,0.1695544554455446,False,False,ELEVATED,4,1,-0.31,NORMAL,1.46,-0.17999999999999994,2.88,-0.18000000000000016,-0.444,-0.385,1.56,False,False,False,False,False,NORMAL,-0.05839895013123364,-0.007246376811594235,-0.36,ELEVATED,0.3699999999999999,0.1200000000000001,-0.12323588709677424,NORMAL,YELLOW
2024-11-30,0.43,4.2,0.5,107.33333333333333,0.08292079207920788,False,False,ELEVATED,4,1,-0.3,NORMAL,1.44,0.0,2.72,-0.07999999999999963,-0.474,-0.6031,1.56,False,False,False,False,False,NORMAL,-0.0006609385327164263,-0.1458607095926413,-0.4,ELEVATED,-0.030000000000000027,-0.08000000000000007,-0.08400429414922161,NORMAL,YELLOW
2024-12-31,0.4,4.1,0.39999999999999947,134.66666666666666,0.1027227722772277,False,False,ELEVATED,4,0,-0.09,NORMAL,1.42,0.010000000000000009,2.92,0.23999999999999977,-0.483,-0.6209,1.56,False,False,False,False,False,NORMAL,-0.022651565622918035,-0.0066489361702127825,0.21,NORMAL,0.3100000000000003,0.08000000000000007,0.053672727272727316,NORMAL,GREEN
2025-01-31,0.37,4.0,0.10000000000000009,107.66666666666667,0.023809523809523725,False,False,ELEVATED,4,0,-0.07,NORMAL,1.45,0.0,2.68,-0.19999999999999973,-0.507,-0.7504,1.57,False,False,False,False,False,NORMAL,-0.05490956072351416,-0.018142235123367212,0.27,NORMAL,-0.06999999999999984,0.08000000000000007,0.046852543834435156,NORMAL,GREEN
2025-02-28,0.27,4.2,0.30000000000000027,77.0,0.0714285714285714,False,False,NORMAL,4,1,0.07,NORMAL,1.57,0.1200000000000001,2.87,0.20000000000000018,-0.479,-0.4361,1.57,False,False,False,False,False,NORMAL,-0.0789808917197452,-0.04115755627009643,-0.08,NORMAL,-0.28,0.0,0.025051274538528956,NORMAL,GREEN
2025-03-31,0.27,4.2,0.30000000000000027,20.333333333333332,0.05945303210463737,False,False,ELEVATED,4,0,0.01,NORMAL,1.76,0.1499999999999999,3.55,0.6099999999999999,-0.408,-0.618,1.57,False,False,False,False,False,NORMAL,0.010155721056194889,0.037779491133384635,-0.09,NORMAL,0.050000000000000044,0.020000000000000018,-0.00786858089453335,NORMAL,GREEN
2025-04-30,0.27,4.2,0.30000000000000027,72.33333333333333,0.054906542056074814,False,False,NORMAL,4,0,0.06,NORMAL,1.96,0.22999999999999998,3.94,0.43999999999999995,-0.39,-0.2566,1.57,False,False,False,False,False,NORMAL,-0.007554945054945028,0.015228426395939021,-0.14,ELEVATED,0.09999999999999987,-0.10000000000000009,-0.18245469522240532,NORMAL,GREEN
2025-05-31,0.27,4.3,0.2999999999999998,62.666666666666664,0.08761682242990654,False,False,NORMAL,4,1,-0.17,NORMAL,1.84,-0.10999999999999988,3.31,-0.46999999999999975,-0.465,-0.5242,1.57,False,False,False,False,False,NORMAL,0.00782918149466183,-0.03009781790820165,0.05,NORMAL,0.06999999999999984,0.08999999999999986,-0.12162355295126481,NORMAL,GREEN
2025-06-30,0.17,4.1,0.09999999999999964,33.666666666666664,0.11682242990654212,False,False,ELEVATED,4,2,-0.25,ELEVATED,1.75,-0.09000000000000008,2.96,-0.3500000000000001,-0.495,-0.6904,1.57,False,False,False,False,False,NORMAL,-0.04112405757368065,0.04628224582701068,-0.17,NORMAL,-0.11999999999999988,-0.04999999999999982,-0.07750104355085585,NORMAL,ORANGE
2025-07-31,0.1,4.3,0.2999999999999998,19.0,0.035046728971962704,False,False,ELEVATED,4,1,-0.12,NORMAL,1.67,-0.030000000000000027,2.86,-0.020000000000000018,-0.517,-0.7908,1.57,False,False,False,False,False,NORMAL,-0.03314917127071826,0.128447596532703,-0.04,NORMAL,-0.020000000000000018,0.0900000000000003,0.18152812762384563,NORMAL,GREEN
2025-08-31,0.13,4.3,0.2999999999999998,-8.666666666666666,0.07710280373831768,False,False,ELEVATED,4,0,-0.14,NORMAL,1.8,0.050000000000000044,2.82,-0.31000000000000005,-0.526,-0.6007,1.57,False,False,False,False,False,NORMAL,-0.09718498659517427,-0.07388809182209466,0.0,NORMAL,-0.07999999999999985,0.08000000000000007,0.04718516108037751,NORMAL,GREEN
2025-09-30,0.23,4.4,0.40000000000000036,23.333333333333332,0.09345794392523366,False,False,ELEVATED,4,1,-0.22,NORMAL,1.67,-0.14000000000000012,2.8,-0.1200000000000001,-0.524,-0.5356,1.57,False,False,False,False,False,NORMAL,0.016185784658691027,-0.02800294767870304,0.14,NORMAL,-0.07000000000000006,-0.050000000000000266,-0.047209653092005976,NORMAL,GREEN
2025-10-31,0.23,4.4,0.40000000000000036,-44.666666666666664,0.05957943925233655,False,False,ELEVATED,4,3,-0.39,SEVERE,1.69,0.010000000000000009,2.94,0.1299999999999999,-0.512,-0.459,1.58,False,False,False,False,False,NORMAL,-0.01184668989547033,-0.07080291970802921,0.22,NORMAL,0.050000000000000044,-0.040000000000000036,-0.12237066515065376,NORMAL,ORANGE
2025-11-30,0.43,4.5,0.5,-7.666666666666667,0.032710280373831724,False,False,ELEVATED,4,3,-0.37,SEVERE,1.78,0.16999999999999993,2.95,0.1900000000000004,-0.507,-0.3838,1.58,False,False,False,False,False,NORMAL,-0.06481481481481477,0.014615384615384697,0.14,NORMAL,0.010000000000000009,-0.06999999999999984,-0.08980733374766936,NORMAL,ORANGE
2025-12-31,0.35,4.4,0.40000000000000036,-38.666666666666664,0.02453271028037385,False,False,ELEVATED,4,2,-0.29,ELEVATED,1.72,-0.040000000000000036,2.81,-0.10999999999999988,-0.536,-0.572,1.58,False,False,False,False,False,NORMAL,0.010224948875255713,-0.07764390896921014,0.51,NORMAL,0.07999999999999985,0.009999999999999787,-0.09355706822858956,NORMAL,ORANGE
2026-01-31,0.3,4.3,0.20000000000000018,61.333333333333336,0.037758830694275325,False,False,ELEVATED,4,3,-0.15,SEVERE,1.62,-0.09999999999999987,2.8,-0.010000000000000231,-0.563,-0.6682,1.56,False,False,False,False,False,NORMAL,-0.04784688995215314,0.023651145602365142,0.59,NORMAL,-0.030000000000000027,0.10999999999999988,0.044534412955465674,NORMAL,ORANGE
2026-02-28,0.27,4.4,0.3000000000000007,-4.333333333333333,0.05115712545675999,False,False,ELEVATED,4,1,0.03,NORMAL,1.8,0.17000000000000015,3.1,0.33000000000000007,-0.506,-0.433,1.56,False,False,False,False,False,NORMAL,0.06500691562932226,-0.09725016767270289,0.3,NORMAL,-0.16999999999999993,-0.10000000000000009,0.1430522362581086,NORMAL,GREEN
2026-03-31,0.2,4.3,0.20000000000000018,72.66666666666667,0.013398294762484664,False,False,NORMAL,4,1,0.01,NORMAL,1.79,0.010000000000000009,3.28,0.19999999999999973,-0.459,-0.1779,1.56,False,False,False,False,False,NORMAL,-0.08646112600536193,0.13075780089153044,0.6,NORMAL,0.22999999999999998,0.009999999999999787,0.796367446734195,SEVERE,GREEN
2026-04-30,0.13,4.3,0.20000000000000018,68.66666666666667,0.01218026796589533,False,False,NORMAL,4,2,0.08,ELEVATED,1.7,-0.050000000000000044,2.83,-0.33000000000000007,-0.495,-0.6713,1.53,False,False,False,False,False,NORMAL,-0.0152249134948097,0.010000000000000009,0.72,NORMAL,-0.030000000000000027,0.1200000000000001,0.6843410852713179,SEVERE,YELLOW
2026-05-31,0.1,4.3,0.20000000000000018,141.66666666666666,0.0591861898890258,False,False,NORMAL,4,2,-0.02,ELEVATED,1.57,-0.1299999999999999,2.72,-0.10999999999999988,-0.505,-0.6761,1.53,False,False,False,False,False,NORMAL,-0.004237288135593209,-0.0830100853374709,0.76,NORMAL,0.1299999999999999,-0.08000000000000007,0.36140979689366803,ELEVATED,YELLOW
2026-06-30,0.07,4.2,0.0,80.66666666666667,0.09741060419235503,False,False,NORMAL,4,1,0.01,NORMAL,1.53,-0.010000000000000009,2.75,0.029999999999999805,-0.511,-0.6417,1.53,False,False,False,False,False,NORMAL,-0.01786990707648317,0.043509789702683044,0.57,NORMAL,0.13000000000000034,-0.1599999999999997,-0.31401905502624927,NORMAL,GREEN
2026-07-31,-0.03,4.1,0.0,38.333333333333336,0.002466091245376001,False,False,ELEVATED,4,0,-0.01,NORMAL,1.63,0.08999999999999986,2.85,0.10000000000000009,-0.537,-0.5042,1.53,False,False,False,False,False,NORMAL,0.023571428571428577,-0.08589385474860334,0.92,NORMAL,0.2100000000000004,0.04999999999999982,-0.20692194403534614,NORMAL,GREEN
2026-08-31,-0.07,4.1,0.0,71.33333333333333,0.04271356783919589,False,False,NORMAL,4,0,0.01,NORMAL,1.59,-0.020000000000000018,2.63,-0.1499999999999999,-0.555,-0.8509,1.53,False,False,False,False,False,NORMAL,0.03489235337787666,-0.012393493415956636,0.84,NORMAL,0.009999999999999787,0.040000000000000036,-0.045304958315050436,NORMAL,GREEN
2026-09-30,-0.07,4.1,0.0,61.0,0.021356783919598055,False,False,NORMAL,4,0,0.01,NORMAL,1.44,-0.19999999999999996,2.7,-0.029999999999999805,-0.56,-0.8477,1.53,False,False,False,False,False,NORMAL,-0.03462603878116344,-0.03335860500379073,0.87,NORMAL,0.2599999999999998,0.03000000000000025,0.5167233560090703,SEVERE,GREEN
